application_number,examiner_citations
1020180000130,KR1020150064797 A
1020180000130,KR1020170026995 A
1020180000130,KR1020170139217 A
1020180000147,KR101679263 B1
1020180000147,KR1020110094607 A
1020180000202,US09460944 B2
1020180000202,US20140227884 A1
1020180000202,US20150131403 A1
1020180000385,JP2004212955 A
1020180000385,JP2013015769 A
1020180000385,KR1020050074905 A
1020180000385,KR1020150114123 A
1020180000385,KR1020170002283 A
1020180000385,KR1020170005254 A
1020180000414,JP2005191113 A
1020180000414,KR1020170112906 A
1020180000415,KR1020130141372 A
1020180000415,KR1020170121666 A
1020180000425,WO2017222348 A1
1020180000532,US20120049343 A1
1020180000532,US20150130072 A1
1020180000717,KR101607062 B1
1020180000717,KR1020170114164 A
1020180000797,JP06177245 A
1020180000797,JP2000124164 A
1020180000797,JP2012164739 A
1020180000797,JP2013058545 A
1020180000797,JP2015204362 A
1020180000898,KR1020120077417 A
1020180000898,KR1020170062096 A
1020180000898,US08908251 B2
1020180000898,US20140191188 A1
1020180001518,KR1020160029742 A
1020180001518,KR1020170136633 A
1020180001705,KR1020110078701 A
1020180001705,KR1020140095605 A
1020180001705,KR1020170048323 A
1020180001785,JP10500202 A
1020180001785,KR1020030079296 A
1020180001785,KR1020040011942 A
1020180001785,WO2008023732 A1
1020180001785,일본 특허공보 특공평 07-065867호(1995.07.19.) 1부.
1020180002099,JP2004319938 A
1020180002099,KR101124209 B1
1020180002099,KR1020060010125 A
1020180002133,JP2007162063 A
1020180002133,KR1020150096134 A
1020180002133,WO2016167233 A1
1020180002465,JP2011100962 A
1020180002465,KR1020070003058 A
1020180002465,KR1020090078109 A
1020180002672,JP2002216653 A
1020180002672,KR1020140145095 A
1020180002722,JP2003107443 A
1020180002722,JP2776083 B2
1020180002722,KR1019990026576 A
1020180002722,KR1020070090182 A
1020180002722,KR1020090023135 A
1020180002722,KR1020090041506 A
1020180003173,KR101021883 B1
1020180003173,KR1020110082858 A
1020180003767,KR1020050009896 A
1020180003767,US20140167227 A1
1020180003774,CN107466158 A
1020180003774,JP2017167131 A
1020180003774,KR1020170126330 A
1020180003774,US20170220844 A1
1020180003824,JP2002520622 A
1020180003824,KR1020120098503 A
1020180003856,JP2016103642 A
1020180003856,"Liu Wang 외 8명. MoS2 /Si Heterojunction with Vertically Standing Layered Structure for Ultrafast, High-Detectivity, Self-Driven Visible-Near Infrared Photodetectors, 2015년 공개"
1020180003856,"Yuka Tsuboi 외 7명. Enhanced Photovoltaic Performances of Graphene/Si Solar Cells by Insertion of an MoS2 Thin Film, 2015. 8. 10. 공개"
1020180003856,"Z. P. Ling 외 10명. Large-scale two-dimensional MoS2 photodetectors by magnetron sputtering , 2015년 5월 14일 공개"
1020180003856,"ZHENHUA LOU 외 8명. High-performance MoS2/Si heterojunction broadband photodetectors from deep ultraviolet to near infrared. Optics Letters, Vol. 42, No. 17 2017.9.1. 공개"
1020180004025,KR100959616 B1
1020180004025,KR200440005 Y1
1020180004517,KR1020160142059 A
1020180004569,JP2000215835 A
1020180004569,JP2012184482 A
1020180004569,JP2014175667 A
1020180004569,KR101723354 B1
1020180004569,KR1020120061731 A
1020180004608,KR1020110091552 A
1020180004608,KR1020140045871 A
1020180004921,JP2004259742 A
1020180004921,JP2015099852 A
1020180004921,JP2016100368 A
1020180004968,JP2011090172 A
1020180004968,KR1020120023042 A
1020180005032,JP11310464 A
1020180005032,KR1019990088209 A
1020180005032,WO2011111746 A1
1020180005167,KR101262809 B1
1020180005167,KR1020010003176 A
1020180005167,KR1020100110017 A
1020180005247,KR1020140118676 A
1020180005247,KR1020170020674 A
1020180005247,US20140151607 A1
1020180005408,US03517643 A1
1020180005426,JP05318204 A
1020180005426,JP2001341001 A
1020180005426,JP2012200860 A
1020180005426,KR1020120007287 A
1020180005426,KR1020130130835 A
1020180005426,KR1020140104083 A
1020180006037,JP2015004840 A
1020180006037,KR1020110025989 A
1020180006236,JP2012129404 A
1020180006236,JP2013105821 A
1020180006236,JP2014093445 A
1020180006273,JP2007235148 A
1020180006669,JP2000058888 A
1020180006669,JP2017135383 A
1020180006669,KR1020140109536 A
1020180007034,KR100383404 B1
1020180007034,KR1020090014036 A
1020180007034,KR1020150099218 A
1020180007034,US20030021151 A1
1020180007078,KR1020150044290 A
1020180007078,KR1020160092154 A
1020180007149,JP2008200694 A
1020180007191,JP2006237639 A
1020180007191,KR101574073 B1
1020180007291,CN103665048 A
1020180007291,KR1020180052096 A
1020180007333,JP2002198502 A
1020180007333,KR1020080063223 A
1020180007333,KR1020130120122 A
1020180007333,KR1020160091509 A
1020180007333,KR1020170093277 A
1020180007333,US20080017941 A1
1020180007333,US20150270239 A1
1020180007481,JP2010031349 A
1020180007481,JP2010037632 A
1020180007481,US20060034723 A1
1020180007481,US20150133353 A1
1020180007542,JP2008050219 A
1020180007542,JP2008200694 A
1020180007542,JP2014116460 A
1020180007632,JP2009064727 A
1020180007786,JP2004142430 A
1020180007786,JP2008124141 A
1020180007787,KR101323660 B1
1020180007787,KR101816254 B1
1020180007787,KR1020110017821 A
1020180007792,JP2004142430 A
1020180007792,JP2008124141 A
1020180007801,JP2004142430 A
1020180007801,JP2008124141 A
1020180007835,JP2010056089 A
1020180007835,KR1020030078889 A
1020180008216,KR1020160094887 A
1020180008216,KR1020160094888 A
1020180008216,KR1020170037491 A
1020180008257,JP2006152339 A
1020180008257,JP2015127446 A
1020180008257,KR100519520 B1
1020180008257,KR1020140005464 A
1020180008257,KR1020140113151 A
1020180008257,KR1020150076240 A
1020180008349,JP11058046 A
1020180008349,JP2000334587 A
1020180008349,KR1020050091165 A
1020180008398,JP2016004830 A
1020180008398,JP2016143785 A
1020180008508,KR1020040008571 A
1020180008508,KR1020050116928 A
1020180008508,KR1020060093613 A
1020180008508,KR1020100027869 A
1020180008508,US20050110145 A1
1020180008567,JP2003045785 A
1020180008583,"HIRAM E. GRANT. 지그와 고정구. 서울: 성안당. 1990.01.05., 12판 (제66면, 제72면 및 제115면) 1부."
1020180008583,JP2008142723 A
1020180008583,KR1020020069109 A
1020180008641,JP06296851 A
1020180008641,JP2008266776 A
1020180008897,KR1020070004654 A
1020180008902,KR1020080111334 A
1020180008902,KR1020140063511 A
1020180008902,US20160189987 A1
1020180008906,KR1020020089350 A
1020180008906,KR1020110070826 A
1020180008906,US06409837 B1
1020180008906,US20090004830 A1
1020180008951,KR1020000005350 A
1020180008951,KR1020110110357 A
1020180008951,KR1020120123222 A
1020180008951,KR1020160027489 A
1020180008951,US20100295091 A1
1020180008972,JP2001313155 A
1020180008972,JP2004296254 A
1020180008972,KR1020030035878 A
1020180008972,KR1020080037879 A
1020180009081,JP2002514833 A
1020180009081,KR1020130065334 A
1020180009081,KR1020140115484 A
1020180009476,KR1020080041780 A
1020180009476,KR1020130041771 A
1020180009476,KR1020160045998 A
1020180009525,KR1019990007691 A
1020180009525,KR1020160065884 A
1020180009525,KR1020160071180 A
1020180009597,KR100683133 B1
1020180009597,KR100788746 B1
1020180009597,KR200287084 Y1
1020180009819,JP2013218191 A
1020180009819,KR1020100094947 A
1020180009819,WO2014129582 A1
1020180009853,JP09139413 A
1020180009853,JP2004186355 A
1020180009853,KR1020160062095 A
1020180009903,KR1020110116731 A
1020180009903,KR1020170067827 A
1020180009928,JP10121292 A
1020180009928,KR1020130074815 A
1020180010057,KR1020170124282 A
1020180010057,US20110151588 A1
1020180010115,JP2008085020 A
1020180010115,JP2012099518 A
1020180010115,KR1020080068952 A
1020180010115,KR1020130135245 A
1020180010216,JP08288368 A
1020180010216,KR1019990041714 A
1020180010431,KR1020140136159 A
1020180010431,KR1020160065110 A
1020180010443,JP06122422 A
1020180010443,JP2002337321 A
1020180010443,JP2005138169 A
1020180010443,JP2007534529 A
1020180010443,JP2008126309 A
1020180010443,KR1020140132720 A
1020180010716,JP2004235525 A
1020180010716,JP2011528189 A
1020180010716,KR1020140142177 A
1020180010719,KR101488591 B1
1020180010719,WO2011018882 A1
1020180010721,JP2001082828 A
1020180010721,KR100718679 B1
1020180010810,KR101598604 B1
1020180010810,KR101803413 B1
1020180010810,KR1020110133279 A
1020180010815,KR1020060023105 A
1020180010815,KR1020060094356 A
1020180010815,KR1020080074559 A
1020180010870,KR1020170070855 A
1020180010876,JP2001122673 A
1020180010876,KR101346575 B1
1020180010876,KR1020170011662 A
1020180010876,"기원명 외 3인. ""무연솔더 접합부 특성 향상을 위한 나노복합솔더 기술"". 마이크로전자 및 패키징학회지 제18권 제3호. pp. 9-17.(2011) 1부."
1020180011191,JP2010265501 A
1020180011191,JP2012253231 A
1020180011191,JP2016181661 A
1020180011218,JP2000084684 A
1020180011218,JP2008290083 A
1020180011218,KR101272050 B1
1020180011218,KR1020140058571 A
1020180011320,KR1020040084314 A
1020180011320,KR1020130073185 A
1020180011537,KR1020030044664 A
1020180011537,KR1020090015915 A
1020180011537,KR1020130010673 A
1020180011537,KR1020150073507 A
1020180011597,JP2000223429 A
1020180011669,CN105881124 A
1020180011669,JP2009269109 A
1020180011669,KR1020170032325 A
1020180011882,JP2000183125 A
1020180011882,JP2005271111 A
1020180011882,JP2005514215 A
1020180012232,JP2001284292 A
1020180012232,JP2006339382 A
1020180012232,JP2013236001 A
1020180012232,KR100817276 B1
1020180012652,JP2016134433 A
1020180012767,JP11347722 A
1020180012767,JP2605509 Y2
1020180012768,JP11347722 A
1020180012768,JP2605509 Y2
1020180012768,JP59179265 A
1020180012835,"B. R. Yang et. al. An anisotropic etching effect in the graphene basal plane, Advanced Materials. 22 Sep. 2010, Vol. 22, Issue 36, pp 4014-4019. 1부."
1020180012835,"K. S. Hazra et. al. Thinning of multilayer graphene to monolayer graphene in a plasma environment. Nanotechnology. 8 Dec. 2010, Vol.22, No.2, 025704. 1부."
1020180012835,"K. S. Hazra et. al. Thinning of multilayer graphene to monolayer graphene in a plasma environment. Nanotechnology. 8 Dec. 2010, Vol.22, No.2, 025704. 1부."
1020180012835,KR1020000050211 A
1020180012835,US20140151334 A1
1020180012841,KR1020140059192 A
1020180012877,KR1020080038333 A
1020180012929,KR101139534 B1
1020180012929,US08971115 B2
1020180012929,US20170330635 A1
1020180012976,JP2000216140 A
1020180012976,JP2010123809 A
1020180012976,KR1020050118716 A
1020180013211,KR101728532 B1
1020180013211,KR1020120010424 A
1020180013211,KR1020150120180 A
1020180013320,JP2017004009 A
1020180013320,JP2018010210 A
1020180013320,KR1020170075641 A
1020180013979,JP2013254651 A
1020180013979,KR101777596 B1
1020180013979,KR1020130141967 A
1020180013979,KR1020170000147 A
1020180014047,KR1020170001060 A
1020180014047,KR1020170022825 A
1020180014047,KR1020170070800 A
1020180014069,JP10165920 A
1020180014069,KR100798019 B1
1020180014069,KR101530830 B1
1020180014221,JP2012201815 A
1020180014221,KR1020090125683 A
1020180014518,KR1020050081426 A
1020180014518,KR1020140119375 A
1020180014519,JP2000248828 A
1020180014519,KR1020140070718 A
1020180014519,KR1020140118105 A
1020180014519,KR200415562 Y1
1020180015172,JP09246697 A
1020180015172,JP2004288771 A
1020180015172,JP2006120781 A
1020180015172,JP2006175638 A
1020180015492,JP2015037106 A
1020180015514,CN103846577 A
1020180015514,KR1020160085307 A
1020180015730,JP2000299468 A
1020180015730,JP2017216323 A
1020180015730,KR1020140137272 A
1020180016116,KR1020130079526 A
1020180016116,US20130337171 A1
1020180016192,KR1020160115781 A
1020180016371,KR1020080112986 A
1020180016371,KR1020150069141 A
1020180016371,WO2015194264 A1
1020180016493,JP2011074476 A
1020180016493,KR101935273 B1
1020180016493,"Phys. Rev. X, 2017, Vol.7, 011017(2017.02.14.)"
1020180016522,KR1020170048253 A
1020180016522,US09508667 B2
1020180016522,US20160126202 A1
1020180016522,WO2016088554 A1
1020180016645,KR1020090048730 A
1020180016645,KR1020100020554 A
1020180016645,KR1020170135021 A
1020180017130,KR1020130014552 A
1020180017259,KR1020160061983 A
1020180017424,JP2014013887 A
1020180017424,KR1020110041201 A
1020180017540,JP11504357 A
1020180017540,JP2010005778 A
1020180017696,JP2011195825 A
1020180017812,JP11170188 A
1020180017812,JP2003262661 A
1020180017812,JP2006137000 A
1020180017812,JP2006142441 A
1020180018030,JP2004022685 A
1020180018030,JP2005286191 A
1020180018030,KR1020130094523 A
1020180018032,KR1020150094669 A
1020180018057,KR1020140121389 A
1020180018057,KR1020160006629 A
1020180018057,WO2016207224 A1
1020180018229,KR101809063 B1
1020180018229,KR1020170003404 A
1020180018349,KR100222377 B1
1020180018349,KR101454422 B1
1020180018426,KR1020010008825 A
1020180018426,KR1020160069902 A
1020180018426,KR1020170094859 A
1020180018426,WO2017169134 A1
1020180018552,JP06006164 A
1020180018552,KR1020170071370 A
1020180018669,KR1020120134202 A
1020180018729,KR1020140082640 A
1020197007272,EP02985102 A2
1020197007272,JP09216111 A
1020197007272,JP2009127125 A
1020197018446,JP2005513788 A
1020197018446,JP2016066768 A
1020197018446,KR1020060122600 A
1020197018446,KR1020150059170 A
1020197018446,WO2016125795 A1
1020197018485,JP2013225662 A
1020197018485,JP2015028999 A
1020197019759,KR1020050019709 A
1020197019759,KR1020120115568 A
1020197019759,KR1020130129942 A
1020197019759,WO2014077228 A1
1020197020125,US20140099491 A1
1020197020301,KR1020010003273 A
1020197020301,KR1020100083864 A
1020197020389,JP2000170601 A
1020197020532,KR1020140043327 A
1020197020532,KR1020140074966 A
1020197020532,KR1020160010538 A
1020197020532,US20090312219 A1
1020197020555,CN201842886 U
1020197020555,KR1020060023115 A
1020197021434,KR1020140078534 A
1020197022046,JP2010278390 A
1020197022046,KR1020120104087 A
1020197022046,KR1020160049500 A
1020197022046,KR1020160058320 A
1020197022323,JP07130293 A
1020197022323,KR1020070096100 A
1020197022323,US20040182828 A1
1020197022489,JP03094979 A
1020197022489,JP2010227947 A
1020197022489,JP60244476 X2
1020197022744,KR101079017 B1
1020197022744,KR101321467 B1
1020197022815,WO2016208203 A1
1020197022975,JP2007324418 A
1020197022975,JP2012243947 A
1020197022975,KR1020120068690 A
1020197022975,US20120212918 A1
1020197023029,JP11214727 A
1020197023029,JP2010073730 A
1020197023029,KR1020110041312 A
1020197023029,KR1020150122598 A
1020197023225,WO2007034877 A1
1020197023241,JP2011223015 A
1020197023241,JP2013023491 A
1020197023387,US20140254150 A1
1020197023387,US20140263271 A1
1020197023387,US20150170952 A1
1020197024048,JP2014127590 A
1020197024048,WO2016081313 A1
1020197024166,KR1020120123581 A
1020197024206,KR1020150094712 A
1020197024206,KR1020150099796 A
1020197024206,US20160027678 A1
1020197024260,JP2015530578 A
1020197024260,US04990804 A
1020197024260,WO2016124686 A1
1020197024430,JP2008084517 A
1020197024430,JP2010182353 A
1020197024430,JP2011204339 A
1020197024443,JP2005060718 A
1020197024443,JP2012233252 A
1020197024443,KR1020050061476 A
1020197024443,KR1020070021189 A
1020197024527,JP06040797 A
1020197024527,JP2002219635 A
1020197024527,JP2011121094 A
1020197024527,KR1020080003900 A
1020197024527,US06655845 B1
1020197024527,US20130292188 A1
1020197024679,JP01033055 A
1020197024771,JP2011049547 A
1020197024771,JP2011108462 A
1020197024771,WO2015135625 A1
1020197024883,JP2009030128 A
1020197024883,JP2013049919 A
1020197025078,JP4680380 B2
1020197025078,JP5664814 B1
1020197025078,KR1020070042086 A
1020197025078,KR1020130059384 A
1020197025174,JP03281077 A
1020197025174,JP11337288 A
1020197025174,KR1020160045006 A
1020197025174,US20080289833 A1
1020197025206,WO2013025788 A1
1020197025206,WO2015107451 A2
1020197025206,WO2015176602 A1
1020197025206,WO2017004012 A1
1020197025385,JP04302145 A
1020197025385,KR101288212 B1
1020197025558,KR1020110019321 A
1020197025776,KR1020090130054 A
1020197025882,JP2013179332 A
1020197025882,JP2016213217 A
1020197025882,JP2822970 B2
1020197025901,KR1020150111874 A
1020197025901,US03530092 A1
1020197025901,US20160083847 A1
1020197026198,JP03105575 A
1020197026198,JP2000021346 A
1020197026198,JP2004134387 A
1020197026198,JP2012073953 A
1020197026229,CN104212439 A
1020197026229,일본 공개특허공보 특개46-003811(1971.11.6.) 1부.
1020197026235,US20160276205 A1
1020197026436,JP2016037664 A
1020197026524,JP2005235890 A
1020197026524,JP2005328045 A
1020197026524,US20120002187 A1
1020197026696,JP07321057 A
1020197026696,JP2016156066 A
1020197026696,KR1020120063484 A
1020197026957,JP2000293987 A
1020197026972,JP2013101926 A
1020197026972,JP58070978 A
1020197026972,KR1020140027959 A
1020197026972,US20060054664 A1
1020197029036,KR1020010023831 A
1020197029455,JP2005328021 A
1020197029455,US05595606 A
1020197029455,US06302965 B1
1020197029455,US20020157793 A1
1020197029750,EP02985102 A2
1020197029750,JP09216111 A
1020197029750,JP2009127125 A
1020197030443,KR1020110095065 A
1020197030443,KR1020130091488 A
1020197030443,KR1020160140804 A
1020197032753,KR1020170057177 A
1020197032753,US07122398 B1
1020197032753,US20120073650 A1
1020197032754,KR1020170057177 A
1020197034065,KR1020170021731 A
1020197034065,WO2016083610 A2
1020197034065,WO2016119915 A1
1020207012411,WO2014103915 A1
1020207013364,JP05023867 A
1020207013364,JP2013107122 A
1020207013364,JP56050579 U
1020207019435,JP06163655 A
1020207019435,JP2002217258 A
1020207019435,JP2002313864 A
1020207019435,JP2004226086 A
1020207019435,JP2007121317 A
1020207019435,JP2009206272 A
1020217012232,WO2013025788 A1
1020217021809,KR1020140043327 A
1020217021809,KR1020140074966 A
1020217021809,KR1020160010538 A
1020217030499,KR1020140078534 A
1020217033169,US20050067995 A1
1020217033219,JP2014167137 A
1020217033219,KR1020090130054 A
1020217034440,WO2013025788 A1
1020217034440,WO2015107451 A2
1020217034440,WO2015176602 A1
1020217034440,WO2017004012 A1
1020217037959,US20140099491 A1
1020237035565,JP2000183128 A
1020237035565,JP2004299010 A
1020237035565,KR1020140027949 A
1020237040905,KR1020140078534 A
