query_id,doc_id,relevance
kr_1019970082313,us_US5308414,1
kr_1020040038467,kr_KR1020020013193A,1
kr_1020040054512,kr_KR1020010036044A,1
kr_1020040054512,kr_KR1020030022037A,1
kr_1020040056909,kr_KR200146153,1
kr_1020040110593,kr_KR1020020070255A,1
kr_1020040110593,kr_KR1020040070817A,1
kr_1020040114205,kr_KR1019990047738A,1
kr_1020040114205,kr_KR1020000021391A,1
kr_1020040118271,kr_KR1020030015410A,1
kr_1020040118271,kr_KR1020030031599A,1
kr_1020050108101,kr_KR1020030001960A,1
kr_1020060027807,kr_KR1020040086691A,1
kr_1020060038703,kr_KR1020040108309A,1
kr_1020060077995,jp_JP2000174270A,1
kr_1020060085753,kr_KR1019990045423A,1
kr_1020060085877,kr_KR1020060001085A,1
kr_1020060096447,kr_KR1020020017845A,1
kr_1020060096447,kr_KR1020030002051A,1
kr_1020060096447,kr_KR1020040008646A,1
kr_1020060096478,kr_KR1020050002244A,1
kr_1020060106778,kr_KR1020060065745A,1
kr_1020060106778,kr_KR1020060079693A,1
kr_1020060118458,kr_KR200510679,1
kr_1020060120920,kr_KR1020040087051A,1
kr_1020060120920,kr_KR1020060001105A,1
kr_1020060121430,kr_KR1020040002818A,1
kr_1020060132016,kr_KR1020060074998A,1
kr_1020060132016,kr_KR1020060118181A,1
kr_1020060136836,kr_KR1020050015975A,1
kr_1020060136836,us_US20060115978A1,1
kr_1020070017918,kr_KR1020010081437A,1
kr_1020070027189,kr_KR1020010058940A,1
kr_1020070027189,kr_KR1020060008556A,1
kr_1020070045015,kr_KR1020030001912A,1
kr_1020070045015,kr_KR1020070004351A,1
kr_1020070045018,kr_KR1020050002250A,1
kr_1020070045018,kr_KR1020050002252A,1
kr_1020070052593,kr_KR1020050012023A,1
kr_1020070052593,kr_KR1020060020823A,1
kr_1020070060529,jp_JP2004047063A,1
kr_1020070060529,jp_JP2005116888A,1
kr_1020070060573,kr_KR1020030011094A,1
kr_1020070060573,kr_KR1020060026745A,1
kr_1020070061231,kr_KR1020060014206A,1
kr_1020070061231,kr_KR1020060016547A,1
kr_1020070061231,kr_KR1020070041650A,1
kr_1020070062550,kr_KR100675281B1,1
kr_1020070064330,kr_KR1020050002085A,1
kr_1020070065442,kr_KR100697293B1,1
kr_1020070065442,kr_KR1020070042341A,1
kr_1020070066622,kr_KR1020040043838A,1
kr_1020070070962,kr_KR100723449B1,1
kr_1020070070962,kr_KR1020040075122A,1
kr_1020070073856,kr_KR1020060034467A,1
kr_1020070074789,kr_KR100736850B1,1
kr_1020070077510,kr_KR1020060012182A,1
kr_1020070077510,us_US07211502B2,1
kr_1020070077633,kr_KR1020000035696A,1
kr_1020070077652,kr_KR100301069B1,1
kr_1020070077652,kr_KR1020060060997A,1
kr_1020070079001,kr_KR100683854B1,1
kr_1020070081633,kr_KR100654361B1,1
kr_1020070081633,kr_KR1020060089536A,1
kr_1020070097272,kr_KR1020040025244A,1
kr_1020070097272,kr_KR1020060120974A,1
kr_1020070101416,kr_KR1019990072763A,1
kr_1020070101416,wo_WO2005109517A2,1
kr_1020070107981,kr_KR100630437B1,1
kr_1020070107981,kr_KR1020040111563A,1
kr_1020070109117,kr_KR100890049B1,1
kr_1020070109117,kr_KR1020040061272A,1
kr_1020070109117,kr_KR1020070076929A,1
kr_1020070110667,kr_KR1020050000896A,1
kr_1020070110667,kr_KR1020060008556A,1
kr_1020070110833,kr_KR100641074B1,1
kr_1020070110833,kr_KR1020020047228A,1
kr_1020070110833,us_US6927136B2,1
kr_1020070111157,kr_KR100346449B1,1
kr_1020070111157,kr_KR100440076B1,1
kr_1020070111157,kr_KR100724568B1,1
kr_1020070112958,kr_KR100471575B1,1
kr_1020070119658,kr_KR100678640B1,1
kr_1020070119658,kr_KR1020050030330A,1
kr_1020070119813,kr_KR1020030082291A,1
kr_1020070119813,kr_KR1020070044339A,1
kr_1020070119813,us_US06251794B1,1
kr_1020070120745,kr_KR1020060113478A,1
kr_1020070120889,kr_KR1020050059732A,1
kr_1020070122636,jp_JP07066305A,1
kr_1020070122636,jp_JP2003203996A,1
kr_1020070132134,kr_KR1019990059117A,1
kr_1020070134305,us_US06940089B2,1
kr_1020070135864,kr_KR1020030008990A,1
kr_1020070135871,kr_KR1020060023489A,1
kr_1020070135871,kr_KR1020060091649A,1
kr_1020070136090,kr_KR1020060100092A,1
kr_1020070137551,kr_KR100761857B1,1
kr_1020070137551,kr_KR1020060133394A,1
kr_1020070138573,kr_KR1020040050411A,1
kr_1020070138573,kr_KR1020070080333A,1
kr_1020070138818,kr_KR200129136,1
kr_1020077006288,jp_JP2004111688A,1
kr_1020077006288,kr_KR1020020096966A,1
kr_1020077023871,jp_JP2003203878A,1
kr_1020077023871,us_US20040151844A1,1
kr_1020077023871,wo_WO2004085703A1,1
kr_1020077024878,kr_KR1020020023116A,1
kr_1020077024878,kr_KR1020020065387A,1
kr_1020077026968,us_US05836506A1,1
kr_1020077026968,us_US20040108217A1,1
kr_1020077028622,us_US05814854A1,1
kr_1020077028622,us_US06630383B1,1
kr_1020080003152,kr_KR100434638B1,1
kr_1020080003152,kr_KR1020070025433A,1
kr_1020080003152,kr_KR1020070073237A,1
kr_1020080003879,kr_KR1020070080333A,1
kr_1020080003879,kr_KR1020090011163A,1
kr_1020080003975,kr_KR1020070039645A,1
kr_1020080003975,kr_KR1020070075092A,1
kr_1020080017256,jp_JP2004319676A,1
kr_1020080017256,jp_JP2005319470A,1
kr_1020080017301,kr_KR100378180B1,1
kr_1020080017301,kr_KR100798767B1,1
kr_1020080017693,kr_KR1019990045272A,1
kr_1020080017693,kr_KR1020040026244A,1
kr_1020080020588,jp_JP2006203098A,1
kr_1020080020588,kr_KR1020070062435A,1
kr_1020080020589,jp_JP2006140489A,1
kr_1020080020589,jp_JP2007088349A,1
kr_1020080020589,us_US20010050389A1,1
kr_1020080020589,us_US20050174872A1,1
kr_1020080020701,kr_KR1020060075224A,1
kr_1020080021592,kr_KR1020060110559A,1
kr_1020080023547,kr_KR1020010093456A,1
kr_1020080023547,kr_KR1020040057318A,1
kr_1020080023972,kr_KR1020060024189A,1
kr_1020080023972,us_US20070132004A1,1
kr_1020080024348,kr_KR100661372B1,1
kr_1020080024617,kr_KR1020040060081A,1
kr_1020080024617,kr_KR1020080002530A,1
kr_1020080025439,kr_KR1020020017724A,1
kr_1020080025439,kr_KR1020070106193A,1
kr_1020080027789,jp_JP06085245A,1
kr_1020080028235,kr_KR100674965B1,1
kr_1020080028321,kr_KR1020060022995A,1
kr_1020080028321,kr_KR1020070073439A,1
kr_1020080028866,kr_KR100456318B1,1
kr_1020080028866,kr_KR100637690B1,1
kr_1020080028866,kr_KR100645839B1,1
kr_1020080028866,kr_KR1020000059314A,1
kr_1020080029590,jp_JP2001094093A,1
kr_1020080029590,kr_KR1020080025508A,1
kr_1020080030254,kr_KR1020040049288A,1
kr_1020080031159,kr_KR1020060072820A,1
kr_1020080031804,kr_KR1020070001687A,1
kr_1020080031804,kr_KR1020070009816A,1
kr_1020080031804,us_US20030094635A1,1
kr_1020080033916,jp_JP2005536052A,1
kr_1020080033916,kr_KR1020060034530A,1
kr_1020080033916,us_US20070020797A1,1
kr_1020080033916,us_US20070272950A1,1
kr_1020080038366,kr_KR1020050022624A,1
kr_1020080040909,kr_KR100732630B1,1
kr_1020080040909,kr_KR1020080001414A,1
kr_1020080040940,kr_KR100689842B1,1
kr_1020080048613,kr_KR1020010065186A,1
kr_1020080049690,kr_KR100798267B1,1
kr_1020080049690,kr_KR1020010065188A,1
kr_1020080050188,jp_JP2005206897A,1
kr_1020080050188,kr_KR1020040104374A,1
kr_1020080050188,kr_KR1020060099694A,1
kr_1020080050188,us_US06184158B1,1
kr_1020080050862,kr_KR100339890B1,1
kr_1020080050862,kr_KR1020070058141A,1
kr_1020080052888,kr_KR100645064B1,1
kr_1020080052888,kr_KR100791948B1,1
kr_1020080052888,kr_KR1020070028604A,1
kr_1020080052888,kr_KR1020080048315A,1
kr_1020080055333,jp_JP2004214249A,1
kr_1020080055333,kr_KR1020050051089A,1
kr_1020080057021,kr_KR1020070037949A,1
kr_1020080057021,us_US20080285344A1,1
kr_1020080062219,jp_JP05021810A,1
kr_1020080064782,kr_KR1020070048247A,1
kr_1020080064782,kr_KR1020080039025A,1
kr_1020080066151,jp_JP2003119564A,1
kr_1020080066151,us_US20020088548A1,1
kr_1020080066912,kr_KR1020040079451A,1
kr_1020080066912,us_US07196351B2,1
kr_1020080071369,jp_JP06244384A,1
kr_1020080071369,kr_KR1020030051070A,1
kr_1020080072806,kr_KR1020060060282A,1
kr_1020080072806,kr_KR1020060120974A,1
kr_1020080075746,kr_KR1020080030252A,1
kr_1020080075923,kr_KR1020080061015A,1
kr_1020080076052,kr_KR100665799B1,1
kr_1020080077769,kr_KR1020050122541A,1
kr_1020080078101,kr_KR1020040095098A,1
kr_1020080078101,kr_KR1020060093914A,1
kr_1020080078101,kr_KR1020070013522A,1
kr_1020080078406,kr_KR1020070014837A,1
kr_1020080084451,kr_KR1020050121174A,1
kr_1020080084451,us_US20030207540A1,1
kr_1020080091526,kr_KR1020070028604A,1
kr_1020080091979,kr_KR1020020048616A,1
kr_1020080091984,jp_JP2008103465A,1
kr_1020080092696,kr_KR100695004B1,1
kr_1020080092696,kr_KR1020060106255A,1
kr_1020080093453,kr_KR100827697B1,1
kr_1020080093453,kr_KR1020080034816A,1
kr_1020080102436,kr_KR1020040085663A,1
kr_1020080109237,kr_KR1020030082240A,1
kr_1020080109237,kr_KR1020030087426A,1
kr_1020080109284,kr_KR1020050024837A,1
kr_1020080109754,kr_KR1020040061972A,1
kr_1020080109757,jp_JP2005116964A,1
kr_1020080109757,jp_JP2005136426A,1
kr_1020080109757,kr_KR1020050035080A,1
kr_1020080109757,kr_KR1020050041154A,1
kr_1020080110954,kr_KR1020070028604A,1
kr_1020080110954,kr_KR1020080043173A,1
kr_1020080110954,us_US20060034116A1,1
kr_1020080111255,kr_KR100675279B1,1
kr_1020080111255,kr_KR1020050066369A,1
kr_1020080111255,kr_KR1020060110559A,1
kr_1020080111270,kr_KR1020040083538A,1
kr_1020080112007,kr_KR1020060124290A,1
kr_1020080112007,us_US20080121862A1,1
kr_1020080126999,jp_JP2000196046A,1
kr_1020080126999,kr_KR100695168B1,1
kr_1020080126999,kr_KR1019980076326A,1
kr_1020080133109,kr_KR100343653B1,1
kr_1020080133109,kr_KR1020040028384A,1
kr_1020080133137,kr_KR100779360B1,1
kr_1020080134269,kr_KR100743654B1,1
kr_1020080134269,kr_KR1020080100053A,1
kr_1020080134531,kr_KR100343291B1,1
kr_1020080134531,kr_KR1020070069709A,1
kr_1020080134531,kr_KR1020080073837A,1
kr_1020080134761,kr_KR1020060011478A,1
kr_1020080137964,kr_KR100672998B1,1
kr_1020080137964,kr_KR100731058B1,1
kr_1020080138567,kr_KR100632634B1,1
kr_1020080138567,kr_KR1020070029582A,1
kr_1020087002152,jp_JP2000280090A,1
kr_1020087002152,jp_JP2005032905A,1
kr_1020087009666,kr_KR1020010020384A,1
kr_1020087009666,us_US06068787A,1
kr_1020087010493,ep_EP01109169A2,1
kr_1020087013367,jp_JP2003522424A,1
kr_1020087013367,jp_JP2004288732A,1
kr_1020087013367,kr_KR1020040093716A,1
kr_1020087013367,us_US20050155296A1,1
kr_1020087029146,jp_JP2002220668A,1
kr_1020087029146,wo_WO2006022319A1,1
kr_1020090000944,us_US06576949B1,1
kr_1020090000944,us_US07008847B2,1
kr_1020090005062,kr_KR1020080060600A,1
kr_1020090005062,kr_KR1020090000987A,1
kr_1020090005381,kr_KR100791007B1,1
kr_1020090005381,kr_KR1020060092112A,1
kr_1020090005381,kr_KR1020080049875A,1
kr_1020090005638,kr_KR100790894B1,1
kr_1020090005817,jp_JP07221208A,1
kr_1020090005817,kr_KR100652433B1,1
kr_1020090008804,kr_KR1020060000793A,1
kr_1020090012467,jp_JP2008042217A,1
kr_1020090012467,us_US05553016A1,1
kr_1020090012467,us_US06330190B1,1
kr_1020090015710,jp_JP2007266143A,1
kr_1020090025243,kr_KR100680001B1,1
kr_1020090025243,us_US06812509B2,1
kr_1020090026860,kr_KR1020030050194A,1
kr_1020090026860,kr_KR1020060133166A,1
kr_1020090027352,kr_KR100596484B1,1
kr_1020090027352,kr_KR1020070041374A,1
kr_1020090028219,kr_KR100520846B1,1
kr_1020090028219,kr_KR100731088B1,1
kr_1020090028219,us_US06281050B1,1
kr_1020090030003,kr_KR100827661B1,1
kr_1020090030006,kr_KR1020050003326A,1
kr_1020090030006,us_US07307268B2,1
kr_1020090031897,jp_JP2007266143A,1
kr_1020090035063,kr_KR200129136,1
kr_1020090041213,kr_KR1020020051151A,1
kr_1020090041213,kr_KR1020030092525A,1
kr_1020090041213,kr_KR1020060101587A,1
kr_1020090041249,kr_KR1020060024684A,1
kr_1020090045491,kr_KR100187292B1,1
kr_1020090045491,kr_KR100885664B1,1
kr_1020090045491,kr_KR1020070119257A,1
kr_1020090047329,kr_KR100782496B1,1
kr_1020090051980,kr_KR1020070096972A,1
kr_1020090055948,other_1020050037332,1
kr_1020090055948,other_1020050106997,1
kr_1020090055948,us_US20020063106,1
kr_1020090057673,jp_JP2007096038A,1
kr_1020090059159,kr_KR1020050069057A,1
kr_1020090059159,kr_KR1020050073318A,1
kr_1020090059159,kr_KR1020060115968A,1
kr_1020090059159,us_US06335294B1,1
kr_1020090059161,kr_KR1020050059931A,1
kr_1020090059161,kr_KR1020070086562A,1
kr_1020090059164,kr_KR1020030068029A,1
kr_1020090059164,kr_KR1020050021017A,1
kr_1020090067518,kr_KR100803167B1,1
kr_1020090067518,kr_KR1020080082277A,1
kr_1020090080425,kr_KR1020070037505A,1
kr_1020090089522,kr_KR1020080084166A,1
kr_1020090093614,kr_KR1020060110559A,1
kr_1020090093614,kr_KR1020090010427A,1
kr_1020090101591,kr_KR1020040060447A,1
kr_1020090101591,kr_KR1020050006469A,1
kr_1020090110594,kr_KR1020090006839A,1
kr_1020090110594,kr_KR1020090055874A,1
kr_1020090110594,kr_KR1020090098189A,1
kr_1020090126150,kr_KR1020070022682A,1
kr_1020090134121,kr_KR1020080029568A,1
kr_1020090134121,kr_KR1020090067595A,1
kr_1020097015911,us_US05712179A,1
kr_1020097015911,us_US20050072999A1,1
kr_1020097022840,us_US05009765A,1
kr_1020097022840,us_US05628889A,1
kr_1020097022840,us_US06725522B1,1
kr_1020097022840,us_US06992261B2,1
kr_1020100002908,kr_KR1020060111218A,1
kr_1020100005621,kr_KR1020050029693A,1
kr_1020100005621,kr_KR1020070096972A,1
kr_1020100005621,kr_KR1020080092290A,1
kr_1020100013724,kr_KR1020080102894A,1
kr_1020100014182,kr_KR1020080104935A,1
kr_1020100014987,jp_JP2005026590A,1
kr_1020100014987,jp_JP2008277694A,1
kr_1020100019729,kr_KR100399350B1,1
kr_1020100019729,kr_KR1020090020329A,1
kr_1020100024200,kr_KR100676204B1,1
kr_1020100024200,kr_KR100806087B1,1
kr_1020100024497,jp_JP05148642A,1
kr_1020100024497,jp_JP2000239841A,1
kr_1020100024497,jp_JP2001337437A,1
kr_1020100025878,kr_KR100732318B1,1
kr_1020100025878,kr_KR1020010004720A,1
kr_1020100025878,kr_KR1020090103821A,1
kr_1020100028136,jp_JP2008166373A,1
kr_1020100028136,us_US20070187826A1,1
kr_1020100035424,kr_KR1020090014647A,1
kr_1020100039538,jp_JP2007305947A,1
kr_1020100039538,kr_KR100323174B1,1
kr_1020100039538,kr_KR1020090049751A,1
kr_1020100039538,us_US20080090363A1,1
kr_1020100040171,jp_JP2006190990A,1
kr_1020100040171,kr_KR1020090128776A,1
kr_1020100050403,kr_KR1020080048314A,1
kr_1020100050403,kr_KR1020100022795A,1
kr_1020100051963,kr_KR1020070047341A,1
kr_1020100051963,kr_KR1020100011318A,1
kr_1020100051963,us_US20060054950A1,1
kr_1020100051963,us_US20090039332A1,1
kr_1020100054799,kr_KR1020010058136A,1
kr_1020100054799,us_US06087706A,1
kr_1020100055663,kr_KR1019990029125A,1
kr_1020100055663,kr_KR1020050074982A,1
kr_1020100055663,kr_KR1020080037592A,1
kr_1020100060569,us_US20060289943A1,1
kr_1020100063539,kr_KR1020080070583A,1
kr_1020100063539,kr_KR1020090047614A,1
kr_1020100065513,jp_JP2008305888A,1
kr_1020100065513,us_US20080278990A1,1
kr_1020100067528,kr_KR1020090041755A,1
kr_1020100067528,kr_KR1020100021981A,1
kr_1020100067528,kr_KR1020100079393A,1
kr_1020100068373,kr_KR1020060013278A,1
kr_1020100068586,us_US20090305464A1,1
kr_1020100068586,us_US20100027228A1,1
kr_1020100070217,kr_KR1020010106862A,1
kr_1020100070217,kr_KR1020070103129A,1
kr_1020100070217,kr_KR1020080062641A,1
kr_1020100071383,jp_JP2001242194A,1
kr_1020100071611,jp_JP2010021381A,1
kr_1020100073919,kr_KR1020070028250A,1
kr_1020100073919,kr_KR1020100074545A,1
kr_1020100074585,jp_JP2003332380A,1
kr_1020100077472,us_US20070045769A1,1
kr_1020100077472,us_US20080277713A1,1
kr_1020100078475,jp_JP2005203455A,1
kr_1020100078475,jp_JP2006245412A,1
kr_1020100078475,us_US06965142B2,1
kr_1020100078538,kr_KR1019920008836A,1
kr_1020100078538,kr_KR1020080078554A,1
kr_1020100078538,kr_KR1020090023197A,1
kr_1020100085600,jp_JP2009224574A,1
kr_1020100085860,kr_KR1020040001923A,1
kr_1020100085860,kr_KR1020040008669A,1
kr_1020100085860,kr_KR1020100079795A,1
kr_1020100085860,kr_KR1020100088395A,1
kr_1020100086427,jp_JP2005123574A,1
kr_1020100086427,jp_JP2007281208A,1
kr_1020100086427,kr_KR1020070062435A,1
kr_1020100089752,kr_KR100880310B1,1
kr_1020100089752,kr_KR1020090123513A,1
kr_1020100092578,kr_KR1020100039919A,1
kr_1020100092578,kr_KR1020100063634A,1
kr_1020100095959,jp_JP2001102479A,1
kr_1020100095959,kr_KR1020080064949A,1
kr_1020100095959,us_US20100052099A1,1
kr_1020100096071,jp_JP2009135324A,1
kr_1020100096071,jp_JP2010114204A,1
kr_1020100096071,us_US20100109065A1,1
kr_1020100119146,jp_JP2007059887A,1
kr_1020100119146,jp_JP2010225735A,1
kr_1020100119146,jp_JP2010245077A,1
kr_1020100121230,jp_JP2008053608A,1
kr_1020100121230,kr_KR1020070063731A,1
kr_1020100121230,kr_KR1020080100706A,1
kr_1020100122005,kr_KR1020090047614A,1
kr_1020100122005,kr_KR1020100079393A,1
kr_1020100122773,jp_JP2006013341A,1
kr_1020100122773,kr_KR100478488B1,1
kr_1020100127612,kr_KR1020090098733A,1
kr_1020100127612,kr_KR1020100054100A,1
kr_1020100127612,kr_KR1020100086435A,1
kr_1020100138858,kr_KR1020100068522A,1
kr_1020100140459,jp_JP2010192531A,1
kr_1020100140459,kr_KR1020100089022A,1
kr_1020100140459,kr_KR1020100100396A,1
kr_1020107004621,jp_JP2001064688A,1
kr_1020107004621,wo_WO2006112377A1,1
kr_1020107004621,wo_WO2007060869A1,1
kr_1020107007413,kr_KR1020030002298A,1
kr_1020107007413,us_US04630086A,1
kr_1020107007413,us_US06590260B1,1
kr_1020107013589,jp_JP2000129227A,1
kr_1020107013589,jp_JP2003261842A,1
kr_1020107013589,other_GB2320615A,1
kr_1020107016420,kr_KR100533933B1,1
kr_1020107016420,kr_KR1020040098139A,1
kr_1020107016420,us_US06818356B1,1
kr_1020107019157,jp_JP07282975A,1
kr_1020107019157,jp_JP2003292615A,1
kr_1020107019157,kr_KR1020050021152A,1
kr_1020107019157,us_US20060109397A1,1
kr_1020110001766,kr_KR1020090102991A,1
kr_1020110001766,us_US05674784A,1
kr_1020110002407,us_US20050230834A1,1
kr_1020110002407,us_US20060165891A1,1
kr_1020110002407,us_US20080305258A1,1
kr_1020110004456,jp_JP06120630A,1
kr_1020110004456,kr_KR1020030040697A,1
kr_1020110004456,kr_KR1020060124505A,1
kr_1020110006803,kr_KR1020020013071A,1
kr_1020110006803,kr_KR1020100059655A,1
kr_1020110006908,kr_KR1020020013071A,1
kr_1020110006908,kr_KR1020020047228A,1
kr_1020110006908,kr_KR1020100059655A,1
kr_1020110007020,kr_KR1020020013071A,1
kr_1020110007020,kr_KR1020100059655A,1
kr_1020110007039,kr_KR1020020013071A,1
kr_1020110007039,kr_KR1020020047228A,1
kr_1020110007039,kr_KR1020100059655A,1
kr_1020110007083,kr_KR1020020013071A,1
kr_1020110007083,kr_KR1020100059655A,1
kr_1020110009078,kr_KR1020080011620A,1
kr_1020110009078,kr_KR1020090124121A,1
kr_1020110018138,kr_KR100408137B1,1
kr_1020110018138,kr_KR100559245B1,1
kr_1020110018138,kr_KR1020050065237A,1
kr_1020110018851,kr_KR1020100063634A,1
kr_1020110021034,jp_JP2004152893A,1
kr_1020110021034,kr_KR1020080064353A,1
kr_1020110023743,us_US20100123116A1,1
kr_1020110023743,wo_WO2009110120A1,1
kr_1020110023749,kr_KR1020090023233A,1
kr_1020110029674,kr_KR1020050086693A,1
kr_1020110038994,jp_JP06267929A,1
kr_1020110038994,kr_KR1020090078163A,1
kr_1020110038994,kr_KR1020090097427A,1
kr_1020110044042,kr_KR1020060072748A,1
kr_1020110044042,kr_KR1020100085673A,1
kr_1020110044147,kr_KR1020080034816A,1
kr_1020110044770,kr_KR1020080010621A,1
kr_1020110047964,jp_JP2005311251A,1
kr_1020110047964,kr_KR100773356B1,1
kr_1020110049020,kr_KR1020080060622A,1
kr_1020110049020,kr_KR1020100081943A,1
kr_1020110054423,jp_JP2008279395A,1
kr_1020110054559,kr_KR1020010075595A,1
kr_1020110054559,kr_KR1020020073558A,1
kr_1020110057210,kr_KR1020070105929A,1
kr_1020110057210,us_US20020134511A1,1
kr_1020110070880,jp_JP2010034112A,1
kr_1020110070880,kr_KR1020100052416A,1
kr_1020110070880,kr_KR1020110015339A,1
kr_1020110071325,kr_KR1020110015231A,1
kr_1020110071325,wo_WO2010086025A1,1
kr_1020110075573,kr_KR1020100043342A,1
kr_1020110075573,kr_KR1020110008852A,1
kr_1020110076992,jp_JP2009246332A,1
kr_1020110076992,kr_KR1020080071328A,1
kr_1020110077018,kr_KR1020100102982A,1
kr_1020110079726,kr_KR1020110000487A,1
kr_1020110081841,kr_KR1019990032085A,1
kr_1020110081841,kr_KR1020030060327A,1
kr_1020110081841,kr_KR1020070049139A,1
kr_1020110083840,jp_JP2010267968A,1
kr_1020110083840,jp_JP2011501461A,1
kr_1020110084338,kr_KR1020080097977A,1
kr_1020110084338,kr_KR1020090129838A,1
kr_1020110084338,kr_KR1020100137394A,1
kr_1020110084418,jp_JP2002324924A,1
kr_1020110084418,jp_JP2008163442A,1
kr_1020110086493,jp_JP2011035228A,1
kr_1020110086493,kr_KR1020100106911A,1
kr_1020110087105,kr_KR1020100063634A,1
kr_1020110088261,jp_JP2008098641A,1
kr_1020110088261,kr_KR1020100081559A,1
kr_1020110091273,kr_KR1020100054100A,1
kr_1020110091273,kr_KR1020100116198A,1
kr_1020110092999,jp_JP2009239121A,1
kr_1020110092999,jp_JP2010034152A,1
kr_1020110092999,kr_KR1020070055242A,1
kr_1020110092999,wo_WO2010134378A1,1
kr_1020110096810,kr_KR1020060016418A,1
kr_1020110096810,kr_KR1020070025612A,1
kr_1020110096810,kr_KR1020080002500A,1
kr_1020110104667,kr_KR100338768B1,1
kr_1020110104667,kr_KR100573929B1,1
kr_1020110104667,kr_KR1020080057969A,1
kr_1020110104667,kr_KR1020090080499A,1
kr_1020110105419,jp_JP3405199B2,1
kr_1020110105419,kr_KR100344933B1,1
kr_1020110105419,kr_KR100765146B1,1
kr_1020110105419,wo_WO2006126564A1,1
kr_1020110109666,kr_KR100725105B1,1
kr_1020110109666,kr_KR1020020011071A,1
kr_1020110120353,jp_JP2009252859A,1
kr_1020110123062,kr_KR1020080046478A,1
kr_1020110123062,kr_KR1020100006748A,1
kr_1020110132862,kr_KR1020080062954A,1
kr_1020110132862,kr_KR1020090066996A,1
kr_1020110142217,kr_KR1020050019301A,1
kr_1020110143454,jp_JP2010258086A,1
kr_1020110143454,kr_KR1020090014513A,1
kr_1020110143454,kr_KR1020090035913A,1
kr_1020117000341,kr_KR1020020005991A,1
kr_1020117000341,us_US20040094402A1,1
kr_1020117007472,jp_JP2004363329A,1
kr_1020117007472,jp_JP2006128333A,1
kr_1020117007472,us_US06060895A,1
kr_1020117007472,us_US20080150009A1,1
kr_1020117011351,us_US05108569A,1
kr_1020117011351,us_US20070210296A1,1
kr_1020117011375,kr_KR1020030082925A,1
kr_1020117015433,kr_KR1020060132266A,1
kr_1020117015433,us_US20070158305A1,1
kr_1020117016840,us_US06251729B1,1
kr_1020117019031,jp_JP2003017496A,1
kr_1020117019031,jp_JP2006057162A,1
kr_1020117019031,us_US20060231017A1,1
kr_1020117023560,jp_JP2002222695A,1
kr_1020117023560,jp_JP2008084566A,1
kr_1020117023560,jp_JP2008171580A,1
kr_1020117025708,jp_JP2004210805A,1
kr_1020117025708,jp_JP2006203133A,1
kr_1020117025708,kr_KR1020060021337A,1
kr_1020120008297,jp_JP2007194426A,1
kr_1020120008297,jp_JP2007243169A,1
kr_1020120008297,kr_KR1020030089312A,1
kr_1020120012880,us_US07423903B2,1
kr_1020120012880,us_US20070170489A1,1
kr_1020120016849,kr_KR1020110024637A,1
kr_1020120021214,jp_JP2003303941A,1
kr_1020120021214,jp_JP2007262510A,1
kr_1020120021214,kr_KR100512141B1,1
kr_1020120023599,kr_KR100782496B1,1
kr_1020120023599,us_US20100117049A1,1
kr_1020120039915,kr_KR100786707B1,1
kr_1020120039915,kr_KR100807228B1,1
kr_1020120039915,kr_KR1020080074406A,1
kr_1020120039915,us_US20070268753A1,1
kr_1020120041773,us_US05065628A,1
kr_1020120041773,us_US20090261430A1,1
kr_1020120042158,kr_KR1020080014301A,1
kr_1020120042158,kr_KR1020100091891A,1
kr_1020120042473,jp_JP2003332051A,1
kr_1020120042473,kr_KR1020080014628A,1
kr_1020120042473,wo_WO2009063850A1,1
kr_1020120050366,jp_JP4860787B1,1
kr_1020120050366,kr_KR1020100011318A,1
kr_1020120050366,kr_KR1020110113064A,1
kr_1020120050366,us_US08154003B2,1
kr_1020120050375,jp_JP2006120983A,1
kr_1020120050375,jp_JP2010503996A,1
kr_1020120050375,kr_KR1019990065766A,1
kr_1020120050375,kr_KR1020100019707A,1
kr_1020120053124,jp_JP2011059682A,1
kr_1020120053124,kr_KR100294027B1,1
kr_1020120053124,us_US20110101351A1,1
kr_1020120054325,kr_KR1020120035468A,1
kr_1020120054325,kr_KR1020120037296A,1
kr_1020120056605,jp_JP2008071786A,1
kr_1020120056605,kr_KR101120475B1,1
kr_1020120056605,kr_KR1020060134563A,1
kr_1020120056605,kr_KR1020100104015A,1
kr_1020120057330,kr_KR1020030001088A,1
kr_1020120057330,kr_KR1020090074472A,1
kr_1020120071127,jp_JP2005310881A,1
kr_1020120071127,wo_WO2010036210A1,1
kr_1020120078118,jp_JP2007081057A,1
kr_1020120078118,jp_JP2008034760A,1
kr_1020120078118,jp_JP2010135772A,1
kr_1020120078118,jp_JP2010272663A,1
kr_1020120078118,kr_KR1020000033991A,1
kr_1020120078118,us_US04729815A,1
kr_1020120079541,kr_KR1020110118961A,1
kr_1020120079541,kr_KR1020110136273A,1
kr_1020120079541,kr_KR1020120041314A,1
kr_1020120089680,kr_KR1020090013591A,1
kr_1020120089680,kr_KR1020100130826A,1
kr_1020120091815,jp_JP2001100658A,1
kr_1020120091815,jp_JP2007220816A,1
kr_1020120091815,kr_KR100864594B1,1
kr_1020120091815,kr_KR1020050001518A,1
kr_1020120091815,kr_KR1020090119666A,1
kr_1020120093825,jp_JP2011029416A,1
kr_1020120093825,kr_KR1020050001831A,1
kr_1020120095225,kr_KR100739530B1,1
kr_1020120095225,kr_KR100844930B1,1
kr_1020120095225,kr_KR1020080042573A,1
kr_1020120095225,us_US20120135580A1,1
kr_1020120095541,jp_JP2009099854A,1
kr_1020120095541,kr_KR1020070080603A,1
kr_1020120095927,jp_JP2001303245A,1
kr_1020120095927,jp_JP2003226967A,1
kr_1020120095927,jp_JP2004307989A,1
kr_1020120095927,jp_JP2006002208A,1
kr_1020120095927,jp_JP2008226987A,1
kr_1020120095927,kr_KR1020040057287A,1
kr_1020120111603,kr_KR1020120004847A,1
kr_1020120111603,kr_KR1020120087583A,1
kr_1020120130403,kr_KR1020070090814A,1
kr_1020120139831,jp_JP2010028105A,1
kr_1020120139831,kr_KR1020090063172A,1
kr_1020120139831,kr_KR1020100002205A,1
kr_1020120139831,kr_KR1020110105408A,1
kr_1020120146386,kr_KR1020080114338A,1
kr_1020120146386,kr_KR1020090088963A,1
kr_1020120146386,us_US20120256272A1,1
kr_1020120148667,kr_KR1020120096213A,1
kr_1020120148667,us_US07283386B2,1
kr_1020120148667,us_US07876603B2,1
kr_1020120148667,us_US20100259961A1,1
kr_1020120151681,kr_KR1020120094712A,1
kr_1020120151681,us_US20090102037A1,1
kr_1020120152163,jp_JP07307392A,1
kr_1020120152163,jp_JP2009182102A,1
kr_1020120152163,kr_KR101086498B1,1
kr_1020120157414,kr_KR1019990074547A,1
kr_1020120157414,kr_KR1020040005457A,1
kr_1020120157415,cn_CN102732252A,1
kr_1020120157415,kr_KR1020080009865A,1
kr_1020127008081,us_US20050136679A1,1
kr_1020127008081,wo_WO2008150032A1,1
kr_1020127008955,jp_JP2010518610A,1
kr_1020127008955,kr_KR1020080004597A,1
kr_1020127008955,us_US04396458A,1
kr_1020127008955,us_US05360698A,1
kr_1020127009299,us_US20030208334A1,1
kr_1020127009299,us_US20060142957A1,1
kr_1020127009380,jp_JP2005533187A,1
kr_1020127009380,kr_KR100842726B1,1
kr_1020127009592,jp_JP03138980A,1
kr_1020127009592,jp_JP2008281988A,1
kr_1020127009592,jp_JP2009038353A,1
kr_1020127009592,jp_JP2009099944A,1
kr_1020127009592,wo_WO2006022259A1,1
kr_1020127011502,jp_JP2008281988A,1
kr_1020127011502,jp_JP2009099944A,1
kr_1020127011502,jp_JP2009141002A,1
kr_1020127011502,kr_KR1020080104588A,1
kr_1020127011502,us_US20040112735A1,1
kr_1020127014740,jp_JP2003216100A,1
kr_1020127014740,jp_JP2008144246A,1
kr_1020127014971,jp_JP2008144246A,1
kr_1020127014971,kr_KR1019990064231A,1
kr_1020127016689,jp_JP2000357657A,1
kr_1020127019678,jp_JP2005286161A,1
kr_1020127019678,us_US20040198066A1,1
kr_1020127019678,us_US20040216772A1,1
kr_1020127020228,jp_JP2011058012A,1
kr_1020127020842,kr_KR1020090029488A,1
kr_1020127020842,kr_KR1020090036771A,1
kr_1020127020842,kr_KR1020090045132A,1
kr_1020127022208,us_US04393967A,1
kr_1020127022208,us_US20090201715A1,1
kr_1020127022208,us_US20100012914A1,1
kr_1020127022208,wo_WO2010017428A1,1
kr_1020127024182,jp_JP2009147195A,1
kr_1020127024182,kr_KR1020100055317A,1
kr_1020127024854,jp_JP2001102170A,1
kr_1020127024854,jp_JP2003193243A,1
kr_1020127024854,jp_JP2008091484A,1
kr_1020127027345,kr_KR1020060043832A,1
kr_1020127027345,kr_KR1020080038381A,1
kr_1020127027345,kr_KR1020100026990A,1
kr_1020127027345,wo_WO2009084537A1,1
kr_1020127030180,ep_EP01890326A2,1
kr_1020127030180,jp_JP2005175263A,1
kr_1020127030180,jp_JP2009071095A,1
kr_1020127030180,jp_JP2009152372A,1
kr_1020127030180,us_US20090218560A1,1
kr_1020130002569,us_US06765813B2,1
kr_1020130007284,kr_KR1020080043696A,1
kr_1020130007284,us_US06936903B2,1
kr_1020130007284,us_US07576956B2,1
kr_1020130007284,us_US20080164548A1,1
kr_1020130012026,kr_KR1020100101883A,1
kr_1020130012026,kr_KR1020110116484A,1
kr_1020130032248,jp_JP2004139879A,1
kr_1020130032248,jp_JP2006313652A,1
kr_1020130033058,jp_JP06054740U,1
kr_1020130033058,kr_KR100370862B1,1
kr_1020130033058,kr_KR1020020028898A,1
kr_1020130033058,kr_KR1020130015396A,1
kr_1020130035446,jp_JP2003501806A,1
kr_1020130035446,kr_KR1020100079306A,1
kr_1020130035446,kr_KR1020110000208A,1
kr_1020130035446,us_US20090267127A1,1
kr_1020130035446,us_US20100157669A1,1
kr_1020130041070,jp_JP2009164399A,1
kr_1020130041070,kr_KR1020130006919A,1
kr_1020130060541,kr_KR1020010074775A,1
kr_1020130060541,kr_KR1020070063934A,1
kr_1020130064700,jp_JP2007243115A,1
kr_1020130064700,jp_JP2012019105A,1
kr_1020130064700,kr_KR1020080030384A,1
kr_1020130064700,kr_KR1020120086363A,1
kr_1020130064700,us_US20100085824A1,1
kr_1020130064700,us_US20110140217A1,1
kr_1020130064700,us_US20120246353A1,1
kr_1020130064700,us_US20130015915A1,1
kr_1020130064700,wo_WO2011024455A1,1
kr_1020130079498,jp_JP2007063649A,1
kr_1020130079498,jp_JP2007084842A,1
kr_1020130090620,jp_JP2009141002A,1
kr_1020130090620,jp_JP2010067954A,1
kr_1020130090620,jp_JP2011124360A,1
kr_1020130090620,kr_KR1020090101828A,1
kr_1020130090620,kr_KR1020100098306A,1
kr_1020130091917,us_US07291519B2,1
kr_1020130091917,us_US07542345B2,1
kr_1020130091970,kr_KR1020060049265A,1
kr_1020130091970,kr_KR1020070084810A,1
kr_1020130091970,us_US07096692B2,1
kr_1020130097456,jp_JP2009076869A,1
kr_1020130097456,kr_KR1020120071311A,1
kr_1020130113863,jp_JP4469023B2,1
kr_1020130113863,kr_KR1020100078472A,1
kr_1020130113863,us_US20120147649A1,1
kr_1020130131028,jp_JP2004035919A,1
kr_1020130131028,kr_KR1020080109272A,1
kr_1020130131028,kr_KR1020120124803A,1
kr_1020130142563,ep_EP00984444A2,1
kr_1020130142563,kr_KR1020110110969A,1
kr_1020130142563,us_US20110291078A1,1
kr_1020130157028,kr_KR1020130043690A,1
kr_1020130157028,wo_WO2005073418A1,1
kr_1020130158174,cn_CN202423298U,1
kr_1020130158174,us_US20120045904A1,1
kr_1020130162314,kr_KR1020110052412A,1
kr_1020130162314,kr_KR1020120017317A,1
kr_1020130162314,us_US20130002265A1,1
kr_1020137001793,jp_JP2004232006A,1
kr_1020137001793,kr_KR1020030038384A,1
kr_1020137001793,us_US06716322B1,1
kr_1020137001793,wo_WO2010038421A1,1
kr_1020137003171,jp_JP2007194511A,1
kr_1020137003171,jp_JP2010067993A,1
kr_1020137006043,us_US20060251872A1,1
kr_1020137006043,us_US20080132050A1,1
kr_1020137006789,jp_JP2010034232A,1
kr_1020137007216,jp_JP03150356A,1
kr_1020137007216,jp_JP2001098364A,1
kr_1020137007676,jp_JP2006179878A,1
kr_1020137007676,wo_WO2008114588A1,1
kr_1020137007676,wo_WO2009142289A1,1
kr_1020137007759,jp_JP2009188323A,1
kr_1020137008122,kr_KR100314865B1,1
kr_1020137008122,kr_KR100657099B1,1
kr_1020137008124,jp_JP2000260955A,1
kr_1020137008124,jp_JP2001267515A,1
kr_1020137008124,jp_JP2004023042A,1
kr_1020137008124,kr_KR1020100014232A,1
kr_1020137008425,jp_JP2007134691A,1
kr_1020137008425,jp_JP2008281932A,1
kr_1020137008425,jp_JP2009043797A,1
kr_1020137008425,jp_JP2009043798A,1
kr_1020137008425,jp_JP2010050112A,1
kr_1020137008425,kr_KR1020080079906A,1
kr_1020137008425,kr_KR1020100024569A,1
kr_1020137008784,kr_KR100448448B1,1
kr_1020137008784,kr_KR1020090041506A,1
kr_1020137008784,kr_KR1020100037407A,1
kr_1020137011769,jp_JP2000232005A,1
kr_1020137011769,jp_JP2002246621A,1
kr_1020137011769,jp_JP2010202896A,1
kr_1020137011769,wo_WO2007000878A1,1
kr_1020137015643,jp_JP2002529600A,1
kr_1020137015867,jp_JP2009188204A,1
kr_1020137015867,jp_JP2010186975A,1
kr_1020137016522,jp_JP2008243928A,1
kr_1020137016522,jp_JP2010070410A,1
kr_1020137016522,kr_KR1020070116888A,1
kr_1020137019144,jp_JP2004363329A,1
kr_1020137019144,jp_JP2010278462A,1
kr_1020137019144,us_US20100133646A1,1
kr_1020137020128,jp_JP2002313967A,1
kr_1020137020128,us_US20100059808A1,1
kr_1020137022174,us_US06740605B1,1
kr_1020137022174,us_US20040185647A1,1
kr_1020137027103,jp_JP2007110281A,1
kr_1020137027828,jp_JP2005536579A,1
kr_1020137027828,jp_JP2006196671A,1
kr_1020137028184,jp_JP2000228516A,1
kr_1020137028184,jp_JP2007073936A,1
kr_1020137033903,jp_JP3569885B2,1
kr_1020137033903,kr_KR1020110027805A,1
kr_1020137033903,us_US20050189401A1,1
kr_1020137035127,jp_JP2006165529A,1
kr_1020137035127,jp_JP2010056539A,1
kr_1020137035127,jp_JP2011119355A,1
kr_1020137035127,kr_KR1020090079686A,1
kr_1020137035127,kr_KR1020110072270A,1
kr_1020140000858,kr_KR1020130052179A,1
kr_1020140000858,us_US20120056321A1,1
kr_1020140000891,jp_JP2012514062A,1
kr_1020140009165,jp_JP2011066406A,1
kr_1020140009165,kr_KR100844938B1,1
kr_1020140009165,kr_KR1020080114182A,1
kr_1020140009165,kr_KR1020090008003A,1
kr_1020140009165,kr_KR1020110029076A,1
kr_1020140009165,kr_KR1020120012705A,1
kr_1020140009165,us_US20060024972A1,1
kr_1020140011201,kr_KR100995725B1,1
kr_1020140011201,kr_KR1020040007480A,1
kr_1020140011201,kr_KR1020070113526A,1
kr_1020140024106,kr_KR1020120072164A,1
kr_1020140024106,kr_KR1020120076182A,1
kr_1020140034220,jp_JP2012132065A,1
kr_1020140034220,kr_KR1020060043427A,1
kr_1020140034220,kr_KR1020120055979A,1
kr_1020140037880,kr_KR1020090007977A,1
kr_1020140037880,kr_KR1020100002708A,1
kr_1020140037880,kr_KR1020100031687A,1
kr_1020140037880,kr_KR1020100101450A,1
kr_1020140037880,us_US20100157680A1,1
kr_1020140041628,kr_KR1020060104162A,1
kr_1020140047673,jp_JP5152945B2,1
kr_1020140047673,kr_KR1020120007998A,1
kr_1020140047673,kr_KR1020130126993A,1
kr_1020140047673,kr_KR1020140010520A,1
kr_1020140047932,kr_KR1020090123537A,1
kr_1020140059539,kr_KR1020060014671A,1
kr_1020140059539,kr_KR1020100093405A,1
kr_1020140070032,kr_KR1020090071370A,1
kr_1020140070032,kr_KR1020130094750A,1
kr_1020140070032,kr_KR1020140060435A,1
kr_1020140070658,jp_JP2001284333A,1
kr_1020140070658,jp_JP2007273419A,1
kr_1020140070658,jp_JP2009057639A,1
kr_1020140077241,kr_KR100609536B1,1
kr_1020140077241,kr_KR1020090047614A,1
kr_1020140077930,jp_JP2012256915A,1
kr_1020140077930,kr_KR1020110055700A,1
kr_1020140077930,kr_KR1020110055702A,1
kr_1020140083150,kr_KR100827697B1,1
kr_1020140083150,kr_KR1020080034816A,1
kr_1020140091132,kr_KR1020010094985A,1
kr_1020140091132,kr_KR1020120073727A,1
kr_1020140091132,kr_KR1020130046407A,1
kr_1020140096727,kr_KR1020080103848A,1
kr_1020140110888,jp_JP2003258271A,1
kr_1020140110888,jp_JP2008078634A,1
kr_1020140113447,kr_KR100723449B1,1
kr_1020140113447,kr_KR1020040075122A,1
kr_1020140116106,jp_JP06061234A,1
kr_1020140116106,jp_JP2010109141A,1
kr_1020140116106,kr_KR1020090007362A,1
kr_1020140128422,kr_KR1020070002217A,1
kr_1020140128422,kr_KR1020130028587A,1
kr_1020140129295,jp_JP2009010035A,1
kr_1020140132455,jp_JP2013155406A,1
kr_1020140132455,kr_KR100765806B1,1
kr_1020140132455,kr_KR1019980063881A,1
kr_1020140132455,kr_KR1020070118968A,1
kr_1020140132683,jp_JP2008306004A,1
kr_1020140145151,kr_KR1020020009619A,1
kr_1020140145151,kr_KR1020100084302A,1
kr_1020140145438,jp_JP2009146943A,1
kr_1020140145438,jp_JP2013168454A,1
kr_1020140145438,us_US20060006471A1,1
kr_1020140145438,us_US20110220863A1,1
kr_1020140145461,kr_KR1020080043417A,1
kr_1020140145461,kr_KR1020130058511A,1
kr_1020140148676,kr_KR1020120117132A,1
kr_1020140148676,kr_KR1020120121131A,1
kr_1020140148676,kr_KR1020130069839A,1
kr_1020140148694,kr_KR1020120121131A,1
kr_1020140148694,kr_KR1020130069839A,1
kr_1020140148694,kr_KR1020140053708A,1
kr_1020140150219,kr_KR1020110106693A,1
kr_1020140150219,kr_KR1020120124803A,1
kr_1020140151488,kr_KR1020080078026A,1
kr_1020140170450,jp_JP2009194221A,1
kr_1020140170450,jp_JP2013021262A,1
kr_1020140193744,jp_JP2009260335A,1
kr_1020140193744,kr_KR1020130118757A,1
kr_1020140193744,kr_KR1020140060435A,1
kr_1020140193744,kr_KR1020140068624A,1
kr_1020147006096,jp_JP2007530789A,1
kr_1020147006096,kr_KR1020100116213A,1
kr_1020147006450,jp_JP2009033139A,1
kr_1020147006450,jp_JP2010232647A,1
kr_1020147006450,kr_KR1020090119666A,1
kr_1020147006450,wo_WO2011040028A1,1
kr_1020147006450,wo_WO2011126093A1,1
kr_1020147006805,jp_JP2008004715A,1
kr_1020147006805,us_US20080273363A1,1
kr_1020147008640,kr_KR1020080114158A,1
kr_1020147008640,us_US06376339B2,1
kr_1020147012232,jp_JP2000169956A,1
kr_1020147012232,jp_JP2009173502A,1
kr_1020147012459,jp_JP2005292768A,1
kr_1020147012459,jp_JP2008192721A,1
kr_1020147012459,jp_JP2010080936A,1
kr_1020147012459,jp_JP2012074622A,1
kr_1020147021919,us_US03616402A1,1
kr_1020147021919,us_US05362710A,1
kr_1020147021919,us_US06254745B1,1
kr_1020147026103,jp_JP2010126789A,1
kr_1020147026103,us_US20100033878A1,1
kr_1020147026472,jp_JP2001295036A,1
kr_1020147026472,jp_JP2005113190A,1
kr_1020147026472,wo_WO2009147900A1,1
kr_1020147029165,us_US20100272596A1,1
kr_1020147030819,jp_JP2010251735A,1
kr_1020147030819,jp_JP2011228688A,1
kr_1020147030819,jp_JP2012059860A,1
kr_1020147030819,kr_KR1020110107934A,1
kr_1020147032494,jp_JP2009147195A,1
kr_1020147032494,kr_KR1020100055317A,1
kr_1020147035936,jp_JP2010053445A,1
kr_1020150004211,jp_JP2008010046A,1
kr_1020150004211,kr_KR1020110078752A,1
kr_1020150004211,us_US20140229699A1,1
kr_1020150006320,jp_JP2013243343A,1
kr_1020150006320,kr_KR1020130126240A,1
kr_1020150006320,kr_KR1020140052870A,1
kr_1020150023151,jp_JP2011103335A,1
kr_1020150023151,jp_JP2012215785A,1
kr_1020150023151,wo_WO2014027588A1,1
kr_1020150025953,jp_JP2007123861A,1
kr_1020150025953,kr_KR1020110126071A,1
kr_1020150025953,us_US20130168666A1,1
kr_1020150025968,jp_JP2007123861A,1
kr_1020150025968,kr_KR1020100086256A,1
kr_1020150025968,kr_KR1020110126071A,1
kr_1020150025968,kr_KR1020120037838A,1
kr_1020150035731,kr_KR1020080077330A,1
kr_1020150035731,kr_KR1020090008109A,1
kr_1020150035731,kr_KR1020130019308A,1
kr_1020150038368,kr_KR1020100091835A,1
kr_1020150038368,kr_KR1020130019541A,1
kr_1020150038368,us_US20140273533A1,1
kr_1020150045512,kr_KR1020090111467A,1
kr_1020150045512,kr_KR1020140072492A,1
kr_1020150045512,kr_KR1020140094389A,1
kr_1020150050239,kr_KR1020120022208A,1
kr_1020150050504,jp_JP2014193970A,1
kr_1020150053293,jp_JP2005336617A,1
kr_1020150053293,wo_WO2005073418A1,1
kr_1020150053348,kr_KR1020010049969A,1
kr_1020150053348,kr_KR1020040044935A,1
kr_1020150053885,jp_JP2013102133A,1
kr_1020150053885,kr_KR1020090072399A,1
kr_1020150053885,kr_KR1020110102100A,1
kr_1020150053885,kr_KR1020140096669A,1
kr_1020150067857,jp_JP2010159482A,1
kr_1020150067857,kr_KR1020150049884A,1
kr_1020150068311,jp_JP2006237621A,1
kr_1020150068311,kr_KR101015181B1,1
kr_1020150068311,kr_KR1020050002278A,1
kr_1020150072028,kr_KR1020120047325A,1
kr_1020150072028,kr_KR1020140093116A,1
kr_1020150088906,kr_KR1020060066641A,1
kr_1020150088906,kr_KR1020110038514A,1
kr_1020150090443,kr_KR101171387B1,1
kr_1020150090443,kr_KR1020100005058A,1
kr_1020150100396,us_US20090213660A1,1
kr_1020150106257,kr_KR1020120071360A,1
kr_1020150106257,us_US06265771B1,1
kr_1020150106257,us_US20040115862A1,1
kr_1020150112871,kr_KR1020130019308A,1
kr_1020150112871,kr_KR1020130126331A,1
kr_1020150113143,kr_KR1020080022139A,1
kr_1020150113607,kr_KR1020050113177A,1
kr_1020150113607,kr_KR1020110072956A,1
kr_1020150113790,kr_KR1020080051315A,1
kr_1020150113790,kr_KR1020120044627A,1
kr_1020150113790,kr_KR1020130113972A,1
kr_1020150127426,jp_JP06224386A,1
kr_1020150127426,jp_JP2009224776A,1
kr_1020150127426,kr_KR1020040075022A,1
kr_1020150127426,us_US20020068222A1,1
kr_1020150127426,us_US20080106929A1,1
kr_1020150127426,us_US20110281173A1,1
kr_1020150127674,jp_JP2008147384A,1
kr_1020150127674,kr_KR101013511B1,1
kr_1020150127674,kr_KR1020070055075A,1
kr_1020150127674,kr_KR1020090078682A,1
kr_1020150139161,kr_KR1020140020748A,1
kr_1020150139161,us_US20130341651A1,1
kr_1020150155906,kr_KR1020070022729A,1
kr_1020150155906,kr_KR1020140027805A,1
kr_1020150155906,kr_KR1020140129921A,1
kr_1020150156906,kr_KR1020090012075A,1
kr_1020150156906,kr_KR1020150002239A,1
kr_1020150177194,jp_JP2006108169A,1
kr_1020150177194,jp_JP2007123861A,1
kr_1020150177194,kr_KR1020060132720A,1
kr_1020150177990,kr_KR1020110060567A,1
kr_1020150177990,kr_KR1020150130620A,1
kr_1020150178012,jp_JP2003017996A,1
kr_1020150178012,jp_JP2009188867A,1
kr_1020150178012,kr_KR1020090087063A,1
kr_1020150178012,kr_KR1020130105621A,1
kr_1020150182551,jp_JP2009051726A,1
kr_1020150182551,kr_KR1020070051680A,1
kr_1020150182552,kr_KR101405334B1,1
kr_1020150182552,kr_KR1020140094624A,1
kr_1020150191605,kr_KR1020070020183A,1
kr_1020150191605,kr_KR1020070022145A,1
kr_1020150191605,kr_KR1020090023158A,1
kr_1020150191605,kr_KR1020130025010A,1
kr_1020150191605,kr_KR1020150108580A,1
kr_1020150191628,jp_JP2015530225A,1
kr_1020150191628,kr_KR1020070020183A,1
kr_1020157000390,jp_JP03150356A,1
kr_1020157000390,us_US20070243095A1,1
kr_1020157000676,jp_JP2011041876A,1
kr_1020157001020,us_US06113761A,1
kr_1020157001020,us_US20050285273A1,1
kr_1020157002120,jp_JP2001051300A,1
kr_1020157002120,jp_JP2002050761A,1
kr_1020157002120,jp_JP2002359252A,1
kr_1020157002120,jp_JP2005077822A,1
kr_1020157002120,kr_KR1020090104730A,1
kr_1020157002549,kr_KR1020090128779A,1
kr_1020157002549,kr_KR1020100039919A,1
kr_1020157002549,kr_KR1020110111809A,1
kr_1020157002549,us_US20110084397A1,1
kr_1020157009425,kr_KR1020110092277A,1
kr_1020157009425,us_US20050039670A1,1
kr_1020157009425,wo_WO2007037191A1,1
kr_1020157009912,jp_JP2004232006A,1
kr_1020157009912,us_US06716322B1,1
kr_1020157009912,wo_WO2010038421A1,1
kr_1020157011008,jp_JP2007088158A,1
kr_1020157011008,us_US20110127599A1,1
kr_1020157011008,us_US20120181549A1,1
kr_1020157012512,us_US20100155717A1,1
kr_1020157012512,us_US20110168994A1,1
kr_1020157012833,jp_JP2003101051A,1
kr_1020157014563,jp_JP2007123861A,1
kr_1020157014563,jp_JP2010283233A,1
kr_1020157014563,jp_JP2012084858A,1
kr_1020157014563,jp_JP4568828B2,1
kr_1020157015571,jp_JP2008060412A,1
kr_1020157015571,kr_KR1020100121258A,1
kr_1020157017262,jp_JP2007115957A,1
kr_1020157017262,jp_JP2014123775A,1
kr_1020157017262,us_US20140159228A1,1
kr_1020157018025,jp_JP3693762B2,1
kr_1020157018025,kr_KR1020120027058A,1
kr_1020157019033,kr_KR1020100116213A,1
kr_1020157019622,jp_JP2001308078A,1
kr_1020157019622,jp_JP2005175500A,1
kr_1020157019622,us_US05057187A,1
kr_1020157019622,us_US20040259355A1,1
kr_1020157020425,jp_JP2008243928A,1
kr_1020157020425,jp_JP2010070410A,1
kr_1020157020425,kr_KR1020070116888A,1
kr_1020157021305,jp_JP2000174046A,1
kr_1020157021305,jp_JP2004172157A,1
kr_1020157021305,us_US20130009307A1,1
kr_1020157022334,jp_JP06051900U,1
kr_1020157022334,jp_JP2001108800A,1
kr_1020157022334,us_US20040113094A1,1
kr_1020157022334,us_US20120316376A1,1
kr_1020157022581,jp_JP2004214281A,1
kr_1020157022581,jp_JP2008109123A,1
kr_1020157023069,jp_JP3359910B2,1
kr_1020157023069,jp_JP3802936B2,1
kr_1020157023069,kr_KR1020080069484A,1
kr_1020157023069,kr_KR1020110101430A,1
kr_1020157023069,kr_KR1020120043367A,1
kr_1020157027504,kr_KR1020040098139A,1
kr_1020157027504,us_US06818356B1,1
kr_1020157028308,jp_JP2005150467A,1
kr_1020157028308,jp_JP2006270082A,1
kr_1020157028308,kr_KR1020020065045A,1
kr_1020157028308,kr_KR1020050031944A,1
kr_1020157028308,kr_KR1020050108308A,1
kr_1020157028308,us_US20050253278A1,1
kr_1020157030260,jp_JP2009158554A,1
kr_1020157030260,us_US20120012956A1,1
kr_1020157030260,wo_WO2013025994A2,1
kr_1020157030280,kr_KR100718155B1,1
kr_1020157030280,kr_KR101058856B1,1
kr_1020157030280,us_US20110049460A1,1
kr_1020157030280,us_US20120074375A1,1
kr_1020157030280,us_US20120286231A1,1
kr_1020157030280,us_US20130075686A1,1
kr_1020157030280,us_US20130112935A1,1
kr_1020157031052,kr_KR100885434B1,1
kr_1020157031052,kr_KR1020100011292A,1
kr_1020157031052,wo_WO2007083362A1,1
kr_1020157033176,kr_KR1020120041727A,1
kr_1020157033176,wo_WO2011093223A1,1
kr_1020157033176,wo_WO2012005289A1,1
kr_1020157034213,jp_JP2009200276A,1
kr_1020157036551,jp_JP2008243928A,1
kr_1020157036551,jp_JP2009141002A,1
kr_1020157036551,jp_JP2012191008A,1
kr_1020157036551,kr_KR1020120130763A,1
kr_1020160001562,kr_KR100777110B1,1
kr_1020160001562,kr_KR1020090069806A,1
kr_1020160002833,jp_JP5325736B2,1
kr_1020160002833,kr_KR1020110020951A,1
kr_1020160002833,kr_KR1020140147588A,1
kr_1020160002833,kr_KR1020150123128A,1
kr_1020160014323,other_1020090031624,1
kr_1020160014323,other_1020140110392,1
kr_1020160014323,us_US20100213162,1
kr_1020160016943,jp_JP2011249439A,1
kr_1020160016943,kr_KR1020070007967A,1
kr_1020160016943,us_US20150279722A1,1
kr_1020160018600,jp_JP06340432A,1
kr_1020160018600,jp_JP2006313847A,1
kr_1020160018600,jp_JP2011071335A,1
kr_1020160018600,jp_JP2660713B2,1
kr_1020160018600,kr_KR100152355B1,1
kr_1020160018600,kr_KR100170419B1,1
kr_1020160018600,kr_KR1019950010713A,1
kr_1020160018600,kr_KR1020120127350A,1
kr_1020160018600,kr_KR1020140097745A,1
kr_1020160021115,kr_KR100540478B1,1
kr_1020160021115,kr_KR101012203B1,1
kr_1020160021115,kr_KR1020110123415A,1
kr_1020160021115,kr_KR1020120114082A,1
kr_1020160021465,jp_JP2008205157A,1
kr_1020160021465,jp_JP2012231096A,1
kr_1020160021465,kr_KR100307528B1,1
kr_1020160021465,kr_KR1020100055446A,1
kr_1020160021465,kr_KR1020100132114A,1
kr_1020160023422,jp_JP05167043A,1
kr_1020160023422,us_US06007624A,1
kr_1020160023422,us_US08497171B1,1
kr_1020160023422,us_US20140120678A1,1
kr_1020160023581,jp_JP5102191B2,1
kr_1020160023581,kr_KR101591833B1,1
kr_1020160039194,kr_KR1020100084664A,1
kr_1020160043139,kr_KR1020150005949A,1
kr_1020160043139,wo_WO2014042248A1,1
kr_1020160044945,kr_KR101037138B1,1
kr_1020160044945,kr_KR1020100084664A,1
kr_1020160044953,jp_JP2009280863A,1
kr_1020160044953,jp_JP2010229428A,1
kr_1020160044953,kr_KR1020060013272A,1
kr_1020160044953,kr_KR1020150113437A,1
kr_1020160047857,jp_JP2012182165A,1
kr_1020160047857,kr_KR1020100065110A,1
kr_1020160047857,kr_KR1020120061009A,1
kr_1020160047857,kr_KR1020140056696A,1
kr_1020160047857,kr_KR1020160002570A,1
kr_1020160048552,jp_JP2006148050A,1
kr_1020160048552,jp_JP2006165520A,1
kr_1020160048552,jp_JP2006221162A,1
kr_1020160048552,kr_KR1020000000907A,1
kr_1020160048552,kr_KR1020010066350A,1
kr_1020160048552,kr_KR1020010104667A,1
kr_1020160048552,kr_KR1020070023103A,1
kr_1020160048552,kr_KR1020070057505A,1
kr_1020160048552,kr_KR1020070076149A,1
kr_1020160061291,kr_KR1020140113546A,1
kr_1020160061291,us_US20120148071A1,1
kr_1020160062171,jp_JP2001281703A,1
kr_1020160062171,kr_KR1020080068590A,1
kr_1020160062171,kr_KR1020150001173A,1
kr_1020160062171,us_US07118954B1,1
kr_1020160063657,kr_KR1020140136112A,1
kr_1020160064524,jp_JP2001348663A,1
kr_1020160064524,jp_JP2593011B2,1
kr_1020160064524,kr_KR1020030048750A,1
kr_1020160064524,kr_KR1020100016224A,1
kr_1020160064524,kr_KR1020140142123A,1
kr_1020160065675,kr_KR1020010110186A,1
kr_1020160065675,us_US20080160726A1,1
kr_1020160067787,kr_KR1020120101312A,1
kr_1020160067787,kr_KR1020160016734A,1
kr_1020160067787,us_US20160048266A1,1
kr_1020160080686,kr_KR1020120056782A,1
kr_1020160081563,cn_CN103305800B,1
kr_1020160093314,jp_JP2000178716A,1
kr_1020160093314,jp_JP2012131215A,1
kr_1020160093314,kr_KR1020140052348A,1
kr_1020160107996,kr_KR1020150057978A,1
kr_1020160107996,wo_WO2007034167A2,1
kr_1020160109880,us_US20090213660A1,1
kr_1020160110568,jp_JP2013204124A,1
kr_1020160110568,kr_KR1020050072672A,1
kr_1020160110568,kr_KR1020080084641A,1
kr_1020160110568,kr_KR1020120007286A,1
kr_1020160110568,kr_KR1020120061147A,1
kr_1020160123029,jp_JP2006242987A,1
kr_1020160123029,kr_KR1020050112644A,1
kr_1020160123029,kr_KR1020060053505A,1
kr_1020160135438,kr_KR1020110018231A,1
kr_1020160155007,jp_JP2008160000A,1
kr_1020160155007,kr_KR1020080074798A,1
kr_1020160155007,kr_KR1020120075051A,1
kr_1020160155008,jp_JP2014109052A,1
kr_1020160155008,kr_KR1020090106654A,1
kr_1020160155008,kr_KR1020130139867A,1
kr_1020160164092,jp_JP2011216581A,1
kr_1020160168658,kr_KR101224773B1,1
kr_1020160169222,jp_JP2011074479A,1
kr_1020160169222,kr_KR1020150023832A,1
kr_1020160170081,kr_KR1020070051680A,1
kr_1020160177741,jp_JP2012089784A,1
kr_1020160177741,kr_KR1020120034387A,1
kr_1020160177741,us_US20150255543A1,1
kr_1020167002643,us_US05427666A,1
kr_1020167002643,wo_WO2013080801A1,1
kr_1020167004103,jp_JP4278773B2,1
kr_1020167004103,kr_KR100880107B1,1
kr_1020167008560,kr_KR1020060093039A,1
kr_1020167008560,kr_KR1020100075756A,1
kr_1020167008560,kr_KR1020110015240A,1
kr_1020167008650,kr_KR1020100056970A,1
kr_1020167008650,kr_KR1020110065556A,1
kr_1020167008650,kr_KR1020120056870A,1
kr_1020167008650,kr_KR1020120090784A,1
kr_1020167008777,kr_KR1020120027113A,1
kr_1020167008777,wo_WO2010134417A1,1
kr_1020167009240,jp_JP2009209337A,1
kr_1020167009240,jp_JP2010100785A,1
kr_1020167009240,jp_JP2013110383A,1
kr_1020167009240,jp_JP2013168645A,1
kr_1020167009441,jp_JP2001118876A,1
kr_1020167009441,us_US20120280386A1,1
kr_1020167013593,us_US20080274624A1,1
kr_1020167013593,us_US20100151676A1,1
kr_1020167015205,kr_KR100546040B1,1
kr_1020167023996,jp_JP2010149294A,1
kr_1020167024110,kr_KR1020100116213A,1
kr_1020167024110,us_US20070023281A1,1
kr_1020167024969,jp_JP2001295036A,1
kr_1020167024969,jp_JP2005113190A,1
kr_1020167024969,wo_WO2009147900A1,1
kr_1020167028245,jp_JP2010199608A,1
kr_1020167028245,us_US20050146021A1,1
kr_1020167028245,us_US20070045798A1,1
kr_1020167028791,kr_KR1020140014328A,1
kr_1020167029751,jp_JP2002060934A,1
kr_1020167029751,jp_JP2005023349A,1
kr_1020167029751,jp_JP2007247061A,1
kr_1020167030248,us_US20050123244A1,1
kr_1020167030248,us_US20080290066A1,1
kr_1020167030248,us_US20130265624A1,1
kr_1020167030766,kr_KR1020120107012A,1
kr_1020167030766,kr_KR1020130095283A,1
kr_1020167031485,kr_KR1020100075363A,1
kr_1020167031485,us_US20100314711A1,1
kr_1020167031485,us_US20130021060A1,1
kr_1020167031485,us_US20130052805A1,1
kr_1020167034015,jp_JP06061467A,1
kr_1020167034015,jp_JP2004512686A,1
kr_1020167034015,kr_KR1020070040958A,1
kr_1020170001130,kr_KR101309716B1,1
kr_1020170001130,kr_KR1020150141312A,1
kr_1020170018545,jp_JP07091636B2,1
kr_1020170018545,kr_KR100208898B1,1
kr_1020170018545,kr_KR1020040035486A,1
kr_1020170023872,jp_JP2007141946A,1
kr_1020170023872,jp_JP2009031784A,1
kr_1020170023872,jp_JP2014017513A,1
kr_1020170023872,us_US20080188011A1,1
kr_1020170023872,wo_WO2015112308A1,1
kr_1020170025705,kr_KR1020100086256A,1
kr_1020170025705,kr_KR1020160098601A,1
kr_1020170027361,jp_JP2001303245A,1
kr_1020170027361,jp_JP2003226967A,1
kr_1020170027361,jp_JP2004307989A,1
kr_1020170027361,jp_JP2006002208A,1
kr_1020170027361,jp_JP2008226987A,1
kr_1020170027361,kr_KR1020040057287A,1
kr_1020170030238,kr_KR1020040098573A,1
kr_1020170030238,kr_KR1020090098905A,1
kr_1020170030238,us_US20080057698A1,1
kr_1020170030238,us_US20080136029A1,1
kr_1020170030238,us_US20090206485A1,1
kr_1020170030500,jp_JP3288218B2,1
kr_1020170030500,kr_KR100485855B1,1
kr_1020170030500,kr_KR100512646B1,1
kr_1020170030500,kr_KR1020160133625A,1
kr_1020170032419,kr_KR1020010017089A,1
kr_1020170032419,kr_KR1020080061860A,1
kr_1020170032419,kr_KR1020090018725A,1
kr_1020170039367,kr_KR101337306B1,1
kr_1020170044970,kr_KR1020130125177A,1
kr_1020170044970,kr_KR1020160127888A,1
kr_1020170073407,jp_JP2010118463A,1
kr_1020170073407,jp_JP2012028637A,1
kr_1020170073407,jp_JP2012175089A,1
kr_1020170073407,jp_JP2012227456A,1
kr_1020170073407,kr_KR1020130046249A,1
kr_1020170073407,kr_KR1020130106263A,1
kr_1020170078569,us_US20090042366A1,1
kr_1020170097000,jp_JP2002057066A,1
kr_1020170097000,jp_JP2007294828A,1
kr_1020170097000,jp_JP2009081183A,1
kr_1020170097000,jp_JP2010186847A,1
kr_1020170097000,kr_KR1020160132763A,1
kr_1020170111377,jp_JP2012188691A,1
kr_1020170111377,kr_KR1020160043692A,1
kr_1020170117430,jp_JP05038589A,1
kr_1020170117430,jp_JP2003245784A,1
kr_1020170117430,jp_JP2008023547A,1
kr_1020170117430,kr_KR100278196B1,1
kr_1020170117430,kr_KR1020040082386A,1
kr_1020170117430,kr_KR1020090123280A,1
kr_1020170122294,jp_JP2012109465A,1
kr_1020170122294,kr_KR1020160043692A,1
kr_1020170124139,jp_JP2012527015A,1
kr_1020170124139,us_US20140353774A1,1
kr_1020170124139,us_US20140374856A1,1
kr_1020170125282,jp_JP2007294829A,1
kr_1020170125282,kr_KR1020160132749A,1
kr_1020170128111,kr_KR101576639B1,1
kr_1020170128111,kr_KR1020050115067A,1
kr_1020170128111,kr_KR1020060086241A,1
kr_1020170135831,kr_KR1020110107456A,1
kr_1020170135856,kr_KR1019960009110A,1
kr_1020170135856,kr_KR1020020040877A,1
kr_1020170138476,kr_KR1020160105714A,1
kr_1020170138476,kr_KR1020180046841A,1
kr_1020170139992,jp_JP05006800A,1
kr_1020170139992,kr_KR100682216B1,1
kr_1020170139992,kr_KR1020070004305A,1
kr_1020170139992,kr_KR1020120077100A,1
kr_1020170139992,kr_KR1020150076800A,1
kr_1020170144933,kr_KR1020140006441A,1
kr_1020170144933,kr_KR1020150089606A,1
kr_1020170147532,other_1020130042273,1
kr_1020170147532,other_1020170126049,1
kr_1020170148163,us_US05306950A,1
kr_1020170148163,us_US05320984A,1
kr_1020170161185,jp_JP2007123861A,1
kr_1020170161185,jp_JP2007298627A,1
kr_1020170161185,jp_JP2008042088A,1
kr_1020170161185,kr_KR1020000000907A,1
kr_1020170165267,jp_JP2001303245A,1
kr_1020170165267,jp_JP2003226967A,1
kr_1020170165267,jp_JP2004307989A,1
kr_1020170165267,jp_JP2006002208A,1
kr_1020170165267,jp_JP2008226987A,1
kr_1020170165267,kr_KR1020040057287A,1
kr_1020170177506,kr_KR1020150090187A,1
kr_1020170185087,kr_KR1020110047820A,1
kr_1020170185087,us_US20130084530A1,1
kr_1020177000412,jp_JP2010004397A,1
kr_1020177000412,us_US20100027830A1,1
kr_1020177000412,us_US20100284553A1,1
kr_1020177003562,cn_CN103646966A,1
kr_1020177003562,jp_JP2007059926A,1
kr_1020177003562,us_US20100044711A1,1
kr_1020177003562,us_US20110297929A1,1
kr_1020177003562,us_US20120032730A1,1
kr_1020177006719,jp_JP2004502036A,1
kr_1020177006719,kr_KR1020010023376A,1
kr_1020177006719,us_US06123783A,1
kr_1020177007784,jp_JP2006512235A,1
kr_1020177007784,kr_KR1020100116213A,1
kr_1020177016247,kr_KR1020110105806A,1
kr_1020177016247,wo_WO2015068527A1,1
kr_1020177016790,jp_JP2008222950A,1
kr_1020177017122,jp_JP2008144246A,1
kr_1020177017566,cn_CN102703740A,1
kr_1020177017566,jp_JP2007051351A,1
kr_1020177017566,us_US03726673A1,1
kr_1020177017566,us_US20110163447A1,1
kr_1020177017623,jp_JP2008144246A,1
kr_1020177017623,kr_KR1019990064231A,1
kr_1020177018680,us_US20070023281A1,1
kr_1020177018680,wo_WO2005108639A1,1
kr_1020177019306,ep_EP00962960A2,1
kr_1020177019306,us_US20050260829A1,1
kr_1020177019306,wo_WO2013138286A1,1
kr_1020177019771,kr_KR1020140059216A,1
kr_1020177019771,wo_WO2014034379A1,1
kr_1020177021512,kr_KR1020100116213A,1
kr_1020177021541,jp_JP2006019678A,1
kr_1020177021541,kr_KR1020050104811A,1
kr_1020177021541,kr_KR1020110008077A,1
kr_1020177021641,kr_KR1020060043832A,1
kr_1020177021641,kr_KR1020080038381A,1
kr_1020177021641,kr_KR1020100026990A,1
kr_1020177021641,wo_WO2009084537A1,1
kr_1020177024162,jp_JP5688664B2,1
kr_1020177024162,jp_JP5781408B2,1
kr_1020177024162,kr_KR1020120049552A,1
kr_1020177026182,kr_KR1020120087651A,1
kr_1020177026182,kr_KR1020120094712A,1
kr_1020177031482,jp_JP2006511638A,1
kr_1020177033163,kr_KR1020100050328A,1
kr_1020177033163,us_US07396759B1,1
kr_1020177033163,us_US20010000632A1,1
kr_1020177033163,us_US20050009333A1,1
kr_1020177033163,us_US20110156270A1,1
kr_1020177033163,us_US20110303887A1,1
kr_1020177033163,us_US20130214234A1,1
kr_1020177035199,us_US20070015360A1,1
kr_1020177035841,kr_KR1020120027113A,1
kr_1020177035841,wo_WO2010134417A1,1
kr_1020177036496,kr_KR100146263B1,1
kr_1020177036496,kr_KR1020090057690A,1
kr_1020177036496,kr_KR1020100005900A,1
kr_1020180006266,kr_KR101748329B1,1
kr_1020180006266,kr_KR1020080083887A,1
kr_1020180006266,kr_KR1020170007813A,1
kr_1020180006266,us_US20170206937A1,1
kr_1020180006266,us_US20170213776A1,1
kr_1020180007331,jp_JP2006228932A,1
kr_1020180007331,kr_KR101681028B1,1
kr_1020180007331,kr_KR1020070038429A,1
kr_1020180007331,kr_KR1020130069359A,1
kr_1020180007331,kr_KR1020140057982A,1
kr_1020180007331,kr_KR1020170092096A,1
kr_1020180007331,us_US20110298109A1,1
kr_1020180015102,kr_KR1020100084664A,1
kr_1020180026799,jp_JP2008153348A,1
kr_1020180026799,jp_JP2009105298A,1
kr_1020180026799,jp_JP2009111147A,1
kr_1020180026799,jp_JP2012023085A,1
kr_1020180026799,jp_JP2015149385A,1
kr_1020180035106,ep_EP01087033A1,1
kr_1020180035106,us_US20110203920A1,1
kr_1020180042500,jp_JP04354868A,1
kr_1020180042500,kr_KR100165860B1,1
kr_1020180106150,jp_JP2014193970A,1
kr_1020180109051,kr_KR1020160013077A,1
kr_1020180109051,kr_KR1020160132425A,1
kr_1020180109051,kr_KR1020170021320A,1
kr_1020180109051,kr_KR1020170026492A,1
kr_1020180111575,jp_JP2016015482A,1
kr_1020180114808,jp_JP2011054933A,1
kr_1020180114808,jp_JP2013511847A,1
kr_1020180114808,kr_KR1020100123724A,1
kr_1020180126580,jp_JP2009293060A,1
kr_1020180126580,kr_KR100927327B1,1
kr_1020180126580,kr_KR1020070033419A,1
kr_1020180134899,kr_KR1020130038384A,1
kr_1020180134899,kr_KR1020150069073A,1
kr_1020180134899,kr_KR1020180075570A,1
kr_1020180135522,jp_JP2002129321A,1
kr_1020180135522,kr_KR1020160125888A,1
kr_1020180143287,kr_KR1020030071709A,1
kr_1020180143287,kr_KR1020040082490A,1
kr_1020180145243,kr_KR1020120130315A,1
kr_1020180145243,kr_KR1020160078218A,1
kr_1020180145243,kr_KR1020170046093A,1
kr_1020187002535,kr_KR1020080109886A,1
kr_1020187006718,jp_JP2007123861A,1
kr_1020187006718,kr_KR1020060082827A,1
kr_1020187006718,kr_KR1020090039064A,1
kr_1020187006718,kr_KR1020090117582A,1
kr_1020187007154,jp_JP07182924A,1
kr_1020187007154,wo_WO2009128424A1,1
kr_1020187010642,jp_JP2002016088A,1
kr_1020187010642,jp_JP2002076356A,1
kr_1020187010642,jp_JP2003533006A,1
kr_1020187010642,jp_JP2007073699A,1
kr_1020187010642,jp_JP2007266428A,1
kr_1020187010642,kr_KR1020090031288A,1
kr_1020187010642,us_US20090184315A1,1
kr_1020187013141,kr_KR1020030020986A,1
kr_1020187015558,jp_JP3569885B2,1
kr_1020187015558,kr_KR1020110027805A,1
kr_1020187015558,us_US20050189401A1,1
kr_1020187020399,jp_JP2002060934A,1
kr_1020187020399,jp_JP2005023349A,1
kr_1020187020399,jp_JP2007247061A,1
kr_1020187025452,jp_JP2004502036A,1
kr_1020187025452,kr_KR1020010023376A,1
kr_1020187026682,jp_JP2012190719A,1
kr_1020187026682,kr_KR1020130129185A,1
kr_1020187026966,jp_JP2014160246A,1
kr_1020187028562,jp_JP2014526146A,1
kr_1020187028562,us_US20150214109A1,1
kr_1020187028718,jp_JP4536584B2,1
kr_1020187028718,kr_KR1020070054108A,1
kr_1020187028718,us_US20070256933A1,1
kr_1020187028718,wo_WO2008108185A1,1
kr_1020187031288,jp_JP2007123861A,1
kr_1020187031288,jp_JP2008117863A,1
kr_1020187031288,jp_JP2008281988A,1
kr_1020187031288,kr_KR1020080104588A,1
kr_1020187031762,jp_JP5688664B2,1
kr_1020187031762,jp_JP5781408B2,1
kr_1020187032197,jp_JP2007201366A,1
kr_1020187032197,jp_JP2008042088A,1
kr_1020187032197,jp_JP2010062549A,1
kr_1020187032197,kr_KR1020060132720A,1
kr_1020187032197,kr_KR1020090096155A,1
kr_1020187032197,kr_KR1020100002504A,1
kr_1020187032197,wo_WO2008117739A1,1
kr_1020187036818,kr_KR100146263B1,1
kr_1020187036818,kr_KR1020090057690A,1
kr_1020187036818,kr_KR1020100005900A,1
kr_1020187037164,jp_JP2010121183A,1
kr_1020187037164,jp_JP2016092148A,1
kr_1020187037164,kr_KR1019980063741A,1
kr_1020190015354,us_US20060141155A1,1
kr_1020190015354,us_US20080274369A1,1
kr_1020190015354,us_US20100209598A1,1
kr_1020190015354,us_US20150203961A1,1
kr_1020190015354,us_US20160085003A1,1
kr_1020190017299,jp_JP2013065724A,1
kr_1020190017299,kr_KR1020130071993A,1
kr_1020190017299,wo_WO2014021199A1,1
kr_1020190028036,kr_KR100822275B1,1
kr_1020190028036,kr_KR1020170007797A,1
kr_1020190033300,kr_KR1020110077706A,1
kr_1020190033300,us_US20130157044A1,1
kr_1020190036965,kr_KR1020180046841A,1
kr_1020190036965,kr_KR1020190009328A,1
kr_1020190049135,jp_JP2012209209A,1
kr_1020190049135,kr_KR1020120096084A,1
kr_1020190049135,kr_KR1020160043211A,1
kr_1020190053829,jp_JP2008063048A,1
kr_1020190053829,kr_KR101220202B1,1
kr_1020190053829,kr_KR101863609B1,1
kr_1020190053829,kr_KR1020080019087A,1
kr_1020190053829,kr_KR1020170004503A,1
kr_1020190060206,kr_KR1020150061395A,1
kr_1020190060206,kr_KR1020190028208A,1
kr_1020190060206,us_US20150255468A1,1
kr_1020190082187,kr_KR101046674B1,1
kr_1020190082187,kr_KR1020180112697A,1
kr_1020190086926,jp_JP2014524151A,1
kr_1020190086926,kr_KR101499467B1,1
kr_1020190086926,kr_KR1020120105246A,1
kr_1020190086927,jp_JP2014524151A,1
kr_1020190086927,kr_KR101499467B1,1
kr_1020190086927,kr_KR1020060059556A,1
kr_1020190091628,kr_KR1020150036678A,1
kr_1020190092298,kr_KR101497902B1,1
kr_1020190096885,kr_KR1020120025585A,1
kr_1020190097969,jp_JP2013083000A,1
kr_1020190097969,kr_KR1020140041695A,1
kr_1020190102197,kr_KR1020170025459A,1
kr_1020190102197,kr_KR1020190033672A,1
kr_1020190106112,kr_KR1020070059514A,1
kr_1020190106112,kr_KR1020170056880A,1
kr_1020190108609,kr_KR1020000024977A,1
kr_1020190108609,kr_KR1020100075597A,1
kr_1020190108609,kr_KR1020170073947A,1
kr_1020190133932,kr_KR1020030050674A,1
kr_1020190133932,us_US20170040108A1,1
kr_1020190143667,jp_JP04307932A,1
kr_1020190143667,kr_KR100242508B1,1
kr_1020190143667,kr_KR1019980071577A,1
kr_1020190143667,kr_KR1020150024316A,1
kr_1020190143800,kr_KR1020010098415A,1
kr_1020190143800,kr_KR1020170063092A,1
kr_1020190143801,kr_KR1020010098415A,1
kr_1020190143801,kr_KR1020170063092A,1
kr_1020190178250,kr_KR1020070094345A,1
kr_1020197000593,kr_KR1020110087311A,1
kr_1020197000593,kr_KR1020120102586A,1
kr_1020197000593,kr_KR1020160040524A,1
kr_1020197004052,jp_JP2011106002A,1
kr_1020197004052,jp_JP2014062316A,1
kr_1020197004052,kr_KR101344594B1,1
kr_1020197004477,jp_JP2002060934A,1
kr_1020197004477,jp_JP2005023349A,1
kr_1020197004927,jp_JP2005526916A,1
kr_1020197006238,jp_JP2010070410A,1
kr_1020197006238,wo_WO2010067571A1,1
kr_1020197007290,jp_JP2011127189A,1
kr_1020197007290,jp_JP2012176452A,1
kr_1020197007680,jp_JP2002045663A,1
kr_1020197007680,jp_JP2011127189A,1
kr_1020197007680,jp_JP2012176452A,1
kr_1020197007680,kr_KR1019990078123A,1
kr_1020197010201,jp_JP5558807B2,1
kr_1020197010201,kr_KR1020030051835A,1
kr_1020197010320,kr_KR1020060017871A,1
kr_1020197010320,kr_KR1020160042010A,1
kr_1020197012646,jp_JP06177117A,1
kr_1020197012646,jp_JP2013133489A,1
kr_1020197012646,jp_JP2015198093A,1
kr_1020197012646,kr_KR1020130086910A,1
kr_1020197013085,us_US20150325659A1,1
kr_1020197013085,wo_WO2016035696A1,1
kr_1020197014604,jp_JP2011238805A,1
kr_1020197014604,jp_JP2014183125A,1
kr_1020197014604,us_US20150132932A1,1
kr_1020197015627,jp_JP2004502036A,1
kr_1020197015627,kr_KR1020010023376A,1
kr_1020197015627,us_US06123783A,1
kr_1020197017330,kr_KR1020100029039A,1
kr_1020197017330,us_US20150318362A1,1
kr_1020197020856,kr_KR1019980018187A,1
kr_1020197023368,jp_JP2003193231A,1
kr_1020197023368,kr_KR1020110027805A,1
kr_1020197024788,jp_JP2009529789A,1
kr_1020197024788,jp_JP2013538295A,1
kr_1020197024788,kr_KR1020010021278A,1
kr_1020197024788,kr_KR1020150084279A,1
kr_1020197027544,jp_JP2005171389A,1
kr_1020197027544,jp_JP2009541584A,1
kr_1020197027544,kr_KR1020090104105A,1
kr_1020197030493,us_US06703250B2,1
kr_1020197030493,us_US20100081285A1,1
kr_1020197030649,jp_JP2004273809A,1
kr_1020197030649,jp_JP2012074636A,1
kr_1020197030649,jp_JP2013144793A,1
kr_1020197030649,jp_JP2013222859A,1
kr_1020197030649,jp_JP2017045891A,1
kr_1020197034040,jp_JP2003031557A,1
kr_1020197034040,jp_JP2010114424A,1
kr_1020200005488,jp_JP2016146472A,1
kr_1020200005488,jp_JP3168600U9,1
kr_1020200005488,kr_KR1020020082556A,1
kr_1020200005488,kr_KR1020150068312A,1
kr_1020200007663,kr_KR1020160093551A,1
kr_1020200007663,kr_KR1020180079114A,1
kr_1020200012979,jp_JP2007073699A,1
kr_1020200012979,kr_KR1020100137379A,1
kr_1020200013638,kr_KR1020170047019A,1
kr_1020200013638,kr_KR1020170126190A,1
kr_1020200020419,kr_KR100588265B1,1
kr_1020200020419,kr_KR1020040048442A,1
kr_1020200020891,jp_JP2010258359A,1
kr_1020200020891,jp_JP2014192179A,1
kr_1020200020891,jp_JP2018018847A,1
kr_1020200020891,kr_KR1020180067413A,1
kr_1020200023835,jp_JP2003001206A,1
kr_1020200023835,kr_KR101452851B1,1
kr_1020200028585,jp_JP2014133938A,1
kr_1020200028585,wo_WO2017138166A1,1
kr_1020200028585,wo_WO2017154233A1,1
kr_1020200033611,jp_JP2005240160A,1
kr_1020200033611,kr_KR1020140103061A,1
kr_1020200033612,jp_JP2005240160A,1
kr_1020200033612,jp_JP4110533B2,1
kr_1020200033612,kr_KR1020130079176A,1
kr_1020200033612,kr_KR1020140103061A,1
kr_1020200036687,kr_KR1020140067922A,1
kr_1020200036687,us_US20160071937A1,1
kr_1020200042810,kr_KR1020170141552A,1
kr_1020200042810,us_US10014185B1,1
kr_1020200056430,jp_JP2016053202A,1
kr_1020200056430,kr_KR1020180135040A,1
kr_1020200059438,jp_JP2008210880A,1
kr_1020200063952,jp_JP2007027777A,1
kr_1020200063952,kr_KR1020170141117A,1
kr_1020200063952,us_US20170323786A1,1
kr_1020200072226,jp_JP4108465B2,1
kr_1020200072226,kr_KR101933077B1,1
kr_1020200072226,kr_KR1020150060063A,1
kr_1020200072226,kr_KR1020190078656A,1
kr_1020200072888,jp_JP2013510445A,1
kr_1020200072888,us_US20100221670A1,1
kr_1020200072888,us_US20160293445A1,1
kr_1020200102427,kr_KR100916931B1,1
kr_1020200102427,kr_KR1020090017177A,1
kr_1020200102427,kr_KR1020090106730A,1
kr_1020200104031,jp_JP05038589A,1
kr_1020200104031,jp_JP2003245784A,1
kr_1020200104031,jp_JP2008023547A,1
kr_1020200104031,kr_KR100278196B1,1
kr_1020200104031,kr_KR1020040082386A,1
kr_1020200104031,kr_KR1020090123280A,1
kr_1020200108773,kr_KR1020200036733A,1
kr_1020200108773,us_US20080293204A1,1
kr_1020200108773,us_US20160190251A1,1
kr_1020200108773,us_US20170084741A1,1
kr_1020200108773,us_US20180076326A1,1
kr_1020200108773,us_US20200075578A1,1
kr_1020200112567,jp_JP2017145510A,1
kr_1020200112567,kr_KR1020200097197A,1
kr_1020200120010,kr_KR1020110084188A,1
kr_1020200120010,kr_KR1020160046192A,1
kr_1020200128163,jp_JP2007009988A,1
kr_1020200128163,kr_KR101998202B1,1
kr_1020200128163,kr_KR1020100095284A,1
kr_1020200137710,kr_KR1020100034436A,1
kr_1020200137710,kr_KR1020140095831A,1
kr_1020200137710,kr_KR1020200102580A,1
kr_1020200137710,kr_KR1020200108140A,1
kr_1020200139297,kr_KR101813659B1,1
kr_1020200139297,kr_KR1020190023771A,1
kr_1020200139297,kr_KR1020200002162A,1
kr_1020200139988,jp_JP2006350208A,1
kr_1020200139988,kr_KR1020170034557A,1
kr_1020200139988,kr_KR1020200004369A,1
kr_1020200151519,kr_KR1020200006668A,1
kr_1020200157687,jp_JP2008124448A,1
kr_1020200157687,kr_KR1020060051830A,1
kr_1020200161939,jp_JP2000344859A,1
kr_1020200161939,jp_JP2009070725A,1
kr_1020200161939,kr_KR1020130107513A,1
kr_1020200168702,kr_KR101108692B1,1
kr_1020200171312,jp_JP2013040394A,1
kr_1020200171312,wo_WO2010018707A1,1
kr_1020200172939,jp_JP2013135490A,1
kr_1020200172939,kr_KR1020180132498A,1
kr_1020200172939,kr_KR1020190078468A,1
kr_1020200177277,kr_KR1020140018861A,1
kr_1020200177277,kr_KR1020180065925A,1
kr_1020200177277,us_US20120261788A1,1
kr_1020200178278,kr_KR1020150126857A,1
kr_1020200178278,kr_KR1020190029396A,1
kr_1020200178933,kr_KR1020070018309A,1
kr_1020200178933,kr_KR1020090065796A,1
kr_1020200178933,kr_KR1020200028572A,1
kr_1020200181250,kr_KR101998202B1,1
kr_1020200181250,kr_KR1020040090932A,1
kr_1020200181250,kr_KR1020200103434A,1
kr_1020200184413,kr_KR102152905B1,1
kr_1020200184413,us_US20080117402A1,1
kr_1020207004337,jp_JP4536584B2,1
kr_1020207004337,kr_KR1020070054108A,1
kr_1020207004337,us_US20070256933A1,1
kr_1020207008637,jp_JP2009170936A,1
kr_1020207008637,jp_JP2009516920A,1
kr_1020207008637,jp_JP2016528734A,1
kr_1020207008637,us_US20090017227A1,1
kr_1020207008637,us_US20120234230A1,1
kr_1020207009231,jp_JP5688664B2,1
kr_1020207009231,jp_JP5781408B2,1
kr_1020207019867,kr_KR1020110092277A,1
kr_1020207019867,us_US20050039670A1,1
kr_1020207019867,wo_WO2007037191A1,1
kr_1020207020459,us_US20180019165A1,1
kr_1020207025987,us_US20100155717A1,1
kr_1020207025987,us_US20110168994A1,1
kr_1020207030080,jp_JP06016412A,1
kr_1020207030483,us_US20170200666A1,1
kr_1020207031638,jp_JP2008248346A,1
kr_1020207031638,jp_JP5558807B2,1
kr_1020207031638,kr_KR1020030051835A,1
kr_1020207031663,jp_JP4536584B2,1
kr_1020207031663,us_US20070256933A1,1
kr_1020207032427,us_US20120308739A1,1
kr_1020210014380,kr_KR101255958B1,1
kr_1020210014380,kr_KR1020160002349A,1
kr_1020210014380,kr_KR102085707B1,1
kr_1020210016121,jp_JP2009223971A,1
kr_1020210016121,us_US20060214008A1,1
kr_1020210016121,us_US20070285968A1,1
kr_1020210016843,kr_KR1020150129485A,1
kr_1020210016843,kr_KR1020200072627A,1
kr_1020210016843,us_US20130217214A1,1
kr_1020210016843,us_US20180219113A1,1
kr_1020210016843,us_US20200152477A1,1
kr_1020210025405,jp_JP2008116691A,1
kr_1020210025405,jp_JP2020019994A,1
kr_1020210027559,kr_KR1020110132817A,1
kr_1020210027559,kr_KR1020170090183A,1
kr_1020210027559,us_US20090218598A1,1
kr_1020210032157,jp_JP2004207291A,1
kr_1020210032157,jp_JP2008130932A,1
kr_1020210032157,kr_KR1020100050976A,1
kr_1020210032157,kr_KR1020120023972A,1
kr_1020210036702,kr_KR1020100082046A,1
kr_1020210036702,kr_KR1020170078749A,1
kr_1020210047896,jp_JP2004104113A,1
kr_1020210047896,jp_JP2006319043A,1
kr_1020210047896,jp_JP2011009351A,1
kr_1020210047896,jp_JP3155802U9,1
kr_1020210047896,kr_KR100252334B1,1
kr_1020210047896,kr_KR100807136B1,1
kr_1020210052409,kr_KR1020090095546A,1
kr_1020210060607,kr_KR1020150119723A,1
kr_1020210060607,kr_KR1020180056676A,1
kr_1020210060607,kr_KR1020200097118A,1
kr_1020210061196,jp_JP2017505532A,1
kr_1020210061196,kr_KR101406757B1,1
kr_1020210061355,kr_KR101934026B1,1
kr_1020210062496,kr_KR1020090109720A,1
kr_1020210062496,us_US20020089023A1,1
kr_1020210062496,us_US20020167086A1,1
kr_1020210070651,kr_KR102226206B1,1
kr_1020210070764,kr_KR1020110027537A,1
kr_1020210080570,jp_JP2004281525A,1
kr_1020210080570,jp_JP2006022355A,1
kr_1020210083421,ep_EP02312621A1,1
kr_1020210083421,jp_JP2014146744A,1
kr_1020210083421,jp_JP2014154685A,1
kr_1020210088952,jp_JP2002141341A,1
kr_1020210088952,kr_KR101489740B1,1
kr_1020210088952,kr_KR1020140068036A,1
kr_1020210088952,kr_KR1020180071394A,1
kr_1020210093185,kr_KR1020200099080A,1
kr_1020210093636,kr_KR1020030011200A,1
kr_1020210093636,kr_KR1020140026086A,1
kr_1020210093636,kr_KR1020170133372A,1
kr_1020210093636,kr_KR1020180029925A,1
kr_1020210093636,us_US20180337047A1,1
kr_1020210095718,kr_KR1020010113893A,1
kr_1020210095718,us_US20030087108A1,1
kr_1020210095844,kr_KR1020150021501A,1
kr_1020210095844,kr_KR1020180023505A,1
kr_1020210107301,kr_KR1020100109855A,1
kr_1020210107301,kr_KR1020170139781A,1
kr_1020210107301,kr_KR1020190100035A,1
kr_1020210110925,kr_KR101465703B1,1
kr_1020210110925,kr_KR1020010076938A,1
kr_1020210110925,kr_KR1020090008003A,1
kr_1020210110925,kr_KR1020100036098A,1
kr_1020210110925,kr_KR1020140023210A,1
kr_1020210110925,us_US20010048146A1,1
kr_1020210116713,jp_JP2010129845A,1
kr_1020210116713,jp_JP2019220497A,1
kr_1020210116713,kr_KR1020140038909A,1
kr_1020210116713,kr_KR1020170130284A,1
kr_1020210119619,kr_KR101402989B1,1
kr_1020210130288,kr_KR1020160000047A,1
kr_1020210130288,us_US20180033646A1,1
kr_1020210133766,kr_KR1020120088243A,1
kr_1020210133766,kr_KR1020200116294A,1
kr_1020210133766,kr_KR1020210032479A,1
kr_1020210138966,kr_KR1020190001455A,1
kr_1020210138966,us_US20160308070A1,1
kr_1020210140518,kr_KR1020180021629A,1
kr_1020210140518,kr_KR1020190049411A,1
kr_1020210140518,us_US20170249493A1,1
kr_1020210143248,kr_KR101531630B1,1
kr_1020210143248,kr_KR1020200129057A,1
kr_1020210143248,kr_KR1020210010147A,1
kr_1020210146505,kr_KR1020170026924A,1
kr_1020210146505,kr_KR1020210025032A,1
kr_1020210146505,kr_KR1020210034749A,1
kr_1020210147975,jp_JP2010129845A,1
kr_1020210147975,kr_KR1020170001603A,1
kr_1020210147975,kr_KR1020190006751A,1
kr_1020210152113,kr_KR1020140018548A,1
kr_1020210152113,kr_KR1020150019325A,1
kr_1020210152113,kr_KR1020150020929A,1
kr_1020210152113,kr_KR1020160003487A,1
kr_1020210152113,kr_KR1020160097675A,1
kr_1020210152113,kr_KR1020190087689A,1
kr_1020210152113,kr_KR1020190128010A,1
kr_1020210152113,kr_KR1020190135778A,1
kr_1020210152113,kr_KR1020200100901A,1
kr_1020210155157,kr_KR1020150007188A,1
kr_1020210155157,kr_KR1020170019288A,1
kr_1020210155157,us_US20040071040A1,1
kr_1020210161493,kr_KR1020160000956A,1
kr_1020210161493,kr_KR1020210060853A,1
kr_1020210161493,us_US20170330624A1,1
kr_1020210165398,jp_JP2002329720A,1
kr_1020210165398,kr_KR1020040004717A,1
kr_1020210177792,kr_KR101228904B1,1
kr_1020210177792,kr_KR1020200129437A,1
kr_1020210177792,us_US20030127499A1,1
kr_1020210182856,jp_JP2020084330A,1
kr_1020210182856,kr_KR1020190060678A,1
kr_1020210182856,us_US20050181130A1,1
kr_1020210182856,wo_WO2020164735A1,1
kr_1020210184131,kr_KR1020150109288A,1
kr_1020210184131,kr_KR1020200035210A,1
kr_1020210184131,kr_KR1020210014577A,1
kr_1020210184131,kr_KR1020210092884A,1
kr_1020210185330,jp_JP2007063621A,1
kr_1020210185330,jp_JP2008156694A,1
kr_1020210185330,jp_JP2014062287A,1
kr_1020210185330,kr_KR1020010032530A,1
kr_1020210185331,jp_JP2007063621A,1
kr_1020210185331,jp_JP2014062287A,1
kr_1020210189544,kr_KR1020040003385A,1
kr_1020210189544,kr_KR1020200099112A,1
kr_1020210189544,us_US20150118828A1,1
kr_1020210191944,kr_KR1020230042878A,1
kr_1020217000822,jp_JP2005526916A,1
kr_1020217001907,kr_KR1020160017840A,1
kr_1020217001907,kr_KR1020160101294A,1
kr_1020217001907,us_US20170243879A1,1
kr_1020217006655,kr_KR100805018B1,1
kr_1020217006655,kr_KR1020170122181A,1
kr_1020217006655,kr_KR1020180048573A,1
kr_1020217006655,us_US20090047790A1,1
kr_1020217007469,wo_WO2011131921A1,1
kr_1020217008043,wo_WO2011131921A1,1
kr_1020217010871,jp_JP2017103325A,1
kr_1020217010871,wo_WO2018159189A1,1
kr_1020217013598,jp_JP2005268725A,1
kr_1020217013598,kr_KR1020170100611A,1
kr_1020217013598,kr_KR1020180074726A,1
kr_1020217016227,jp_JP2000031251A,1
kr_1020217016227,jp_JP2001110736A,1
kr_1020217016432,cn_CN109155301A,1
kr_1020217018197,kr_KR1020150010572A,1
kr_1020217020635,jp_JP2007273678A,1
kr_1020217020635,jp_JP2015056423A,1
kr_1020217028896,jp_JP2017183718A,1
kr_1020217039099,kr_KR1020170039574A,1
kr_1020220000603,kr_KR1020110101967A,1
kr_1020220000603,kr_KR1020160043747A,1
kr_1020220000603,kr_KR1020190051656A,1
kr_1020220000603,kr_KR1020200000664A,1
kr_1020220000603,kr_KR1020210055866A,1
kr_1020220000603,kr_KR1020210103305A,1
kr_1020220000603,kr_KR1020210106293A,1
kr_1020220007101,jp_JP2016051745A,1
kr_1020220016306,kr_KR1020140027524A,1
kr_1020220016306,kr_KR1020210010741A,1
kr_1020220022728,kr_KR1020200112617A,1
kr_1020220028713,us_US20160240541A1,1
kr_1020220028713,us_US20200106441A1,1
kr_1020220029544,kr_KR1020160107731A,1
kr_1020220029544,kr_KR1020160144367A,1
kr_1020220029544,kr_KR1020170047019A,1
kr_1020220029544,kr_KR1020170126190A,1
kr_1020220029544,kr_KR1020180113901A,1
kr_1020220032801,kr_KR1020080052499A,1
kr_1020220035211,kr_KR1020160139564A,1
kr_1020220035211,us_US20120134213A1,1
kr_1020220040228,kr_KR100954859B1,1
kr_1020220040228,kr_KR1020180056393A,1
kr_1020220040228,kr_KR1020210004056A,1
kr_1020220040319,jp_JP2008243973A,1
kr_1020220040319,kr_KR1020210018988A,1
kr_1020220040319,kr_KR1020220143947A,1
kr_1020220040319,wo_WO2019088204A1,1
kr_1020220040319,wo_WO2021206767A1,1
kr_1020220049545,kr_KR1020170126506A,1
kr_1020220049545,kr_KR1020180016124A,1
kr_1020220049545,kr_KR1020200014088A,1
kr_1020220049545,kr_KR1020200059533A,1
kr_1020220049545,kr_KR1020210010806A,1
kr_1020220049545,us_US20210074645A1,1
kr_1020220051409,kr_KR1020080084641A,1
kr_1020220051409,us_US20160231483A1,1
kr_1020220054432,jp_JP2010123809A,1
kr_1020220054432,kr_KR100407708B1,1
kr_1020220054432,kr_KR101458864B1,1
kr_1020220058952,jp_JP2003204470A,1
kr_1020220058952,kr_KR1020190019963A,1
kr_1020220064047,kr_KR1020060059556A,1
kr_1020220064047,kr_KR1020140081424A,1
kr_1020220068598,kr_KR101122224B1,1
kr_1020220068598,kr_KR1020190049906A,1
kr_1020220068598,wo_WO2019163974A1,1
kr_1020220070200,jp_JP2002009065A,1
kr_1020220070200,jp_JP2020126881A,1
kr_1020220070200,kr_KR1020070118483A,1
kr_1020220070200,kr_KR1020080039196A,1
kr_1020220070973,kr_KR1020210131150A,1
kr_1020220070973,kr_KR1020210142205A,1
kr_1020220071830,jp_JP2003503841A,1
kr_1020220071830,jp_JP2007250967A,1
kr_1020220071830,kr_KR1020070021521A,1
kr_1020220078082,cn_CN110092969A,1
kr_1020220078082,kr_KR1020140008026A,1
kr_1020220081522,jp_JP2013082891A,1
kr_1020220081522,kr_KR1020080045687A,1
kr_1020220081522,kr_KR1020200036042A,1
kr_1020220081522,kr_KR102174256B1,1
kr_1020220082912,kr_KR1020210092213A,1
kr_1020220082912,kr_KR1020210151448A,1
kr_1020220082912,kr_KR102373321B1,1
kr_1020220088448,jp_JP2002208590A,1
kr_1020220088448,kr_KR1020000070265A,1
kr_1020220088448,kr_KR1020050084807A,1
kr_1020220088448,kr_KR1020090053331A,1
kr_1020220088487,kr_KR1020110077575A,1
kr_1020220088487,kr_KR102265339B1,1
kr_1020220090397,kr_KR1020180114491A,1
kr_1020220090397,kr_KR1020210057853A,1
kr_1020220090397,kr_KR1020210145063A,1
kr_1020220093814,kr_KR1020160007338A,1
kr_1020220093814,kr_KR1020190028061A,1
kr_1020220093814,kr_KR1020200014235A,1
kr_1020220093814,kr_KR1020200037106A,1
kr_1020220094842,kr_KR1020190088071A,1
kr_1020220096718,kr_KR1020150073123A,1
kr_1020220096718,kr_KR1020150129814A,1
kr_1020220096718,kr_KR1020160031420A,1
kr_1020220096718,us_US20150368829A1,1
kr_1020220105089,kr_KR1019980011729A,1
kr_1020220105089,kr_KR1020040007210A,1
kr_1020220105089,kr_KR1020200084078A,1
kr_1020220105089,kr_KR1020210004866A,1
kr_1020220108141,jp_JP06256938A,1
kr_1020220108141,jp_JP2000064037A,1
kr_1020220108141,kr_KR1020210096255A,1
kr_1020220108217,kr_KR101998202B1,1
kr_1020220108217,kr_KR1020210101885A,1
kr_1020220109139,kr_KR1020090080019A,1
kr_1020220109139,kr_KR1020150097410A,1
kr_1020220116516,kr_KR1020110118939A,1
kr_1020220124154,kr_KR1020120057272A,1
kr_1020220125423,kr_KR1020170115590A,1
kr_1020220125423,us_US20180033614A1,1
kr_1020220126988,jp_JP2003019434A,1
kr_1020220126988,kr_KR1020130025012A,1
kr_1020220127403,jp_JP06235079A,1
kr_1020220127403,kr_KR101965605B1,1
kr_1020220129293,kr_KR1020140100890A,1
kr_1020220132224,kr_KR1020120030720A,1
kr_1020220136797,cn_CN111621760A,1
kr_1020220136797,kr_KR1020170003495A,1
kr_1020220138139,kr_KR102223874B1,1
kr_1020220140239,kr_KR1020200091945A,1
kr_1020220140239,us_US20210020444A1,1
kr_1020220141666,kr_KR1020170102369A,1
kr_1020220141666,kr_KR1020200127346A,1
kr_1020220149234,cn_CN114717660A,1
kr_1020220149234,kr_KR1020000020764A,1
kr_1020220149234,kr_KR1020130078983A,1
kr_1020220149234,us_US20040192043A1,1
kr_1020220151527,jp_JP2006501681A,1
kr_1020220151527,kr_KR101036572B1,1
kr_1020220153565,jp_JP2007242447A,1
kr_1020220153565,kr_KR1020220147326A,1
kr_1020220159155,jp_JP2004232016A,1
kr_1020220159439,kr_KR1020190116668A,1
kr_1020220159949,kr_KR1020200012128A,1
kr_1020220159949,kr_KR1020220081434A,1
kr_1020220162358,jp_JP2019131859A,1
kr_1020220165419,jp_JP2015209484A,1
kr_1020220168603,kr_KR1020220017395A,1
kr_1020220174995,kr_KR102062717B1,1
kr_1020220174995,us_US20130069134A1,1
kr_1020220178832,kr_KR1020140059344A,1
kr_1020220181032,kr_KR1020190042581A,1
kr_1020220181032,us_US06114193A,1
kr_1020220184198,jp_JP2004238655A,1
kr_1020220186973,kr_KR1020050013064A,1
kr_1020220186973,kr_KR1020200067049A,1
kr_1020220186973,kr_KR1020210083698A,1
kr_1020227000243,ep_EP00949673A2,1
kr_1020227000243,us_US20090001591A1,1
kr_1020227000243,us_US20130078797A1,1
kr_1020227000243,wo_WO2013095433A1,1
kr_1020227002678,jp_JP2003231961A,1
kr_1020227005491,jp_JP2008227064A,1
kr_1020227005491,kr_KR1020070045513A,1
kr_1020227005491,kr_KR1020150115780A,1
kr_1020227007112,kr_KR1020180041042A,1
kr_1020227007112,kr_KR1020190050974A,1
kr_1020227008278,jp_JP2012219307A,1
kr_1020227008278,jp_JP2014236043A,1
kr_1020227008278,kr_KR1020150063524A,1
kr_1020227011425,jp_JP2015004116A,1
kr_1020227011425,kr_KR1020190004702A,1
kr_1020227013143,kr_KR100723729B1,1
kr_1020227013143,kr_KR1020030038689A,1
kr_1020227013596,kr_KR1020090035578A,1
kr_1020227013596,kr_KR1020150022006A,1
kr_1020227013596,kr_KR1020170137653A,1
kr_1020227013596,kr_KR1020190049838A,1
kr_1020227018923,jp_JP2004043934A,1
kr_1020227018923,kr_KR101844068B1,1
kr_1020227018923,kr_KR1020080000736A,1
kr_1020227018923,us_US04278528A,1
kr_1020227018923,wo_WO2015133007A1,1
kr_1020227018924,jp_JP2004043934A,1
kr_1020227018924,kr_KR101844068B1,1
kr_1020227018924,kr_KR1020080000736A,1
kr_1020227018924,us_US04278528A,1
kr_1020227018924,wo_WO2015133007A1,1
kr_1020227019461,kr_KR1020150016271A,1
kr_1020227020192,jp_JP2004043934A,1
kr_1020227020206,jp_JP2015193863A,1
kr_1020227020206,jp_JP2017186581A,1
kr_1020227020206,kr_KR1020180049257A,1
kr_1020227020206,kr_KR1020190065233A,1
kr_1020227020208,jp_JP2017066429A,1
kr_1020227020208,jp_JP2017186581A,1
kr_1020227020208,kr_KR100762698B1,1
kr_1020227020208,kr_KR1020150005262A,1
kr_1020227020208,wo_WO2011131921A1,1
kr_1020227021807,kr_KR1020180041164A,1
kr_1020227021807,kr_KR1020180041695A,1
kr_1020227021807,us_US20180331308A1,1
kr_1020227026505,kr_KR1020160006509A,1
kr_1020227026505,us_US09390793B1,1
kr_1020227026989,us_US20010011526A1,1
kr_1020227033504,kr_KR1020140068132A,1
kr_1020227033504,kr_KR1020150101431A,1
kr_1020227033504,us_US10224240B1,1
kr_1020227033504,us_US20070065578A1,1
kr_1020227033504,us_US20170287929A1,1
kr_1020227033504,us_US20190123054A1,1
kr_1020227033671,kr_KR1020190085654A,1
kr_1020227033671,us_US20190348292A1,1
kr_1020227045907,kr_KR1020100107978A,1
kr_1020227045907,kr_KR1020200013262A,1
kr_1020227045907,kr_KR1020200014939A,1
kr_1020227045907,wo_WO2020003000A1,1
kr_1020227045907,wo_WO2020006532A1,1
kr_1020227046130,us_US06151203A,1
kr_1020227046130,us_US20080061032A1,1
kr_1020227046130,us_US20100039747A1,1
kr_1020230002916,jp_JP2007206212A,1
kr_1020230002916,jp_JP2011215454A,1
kr_1020230004768,kr_KR1020170102429A,1
kr_1020230004768,kr_KR1020180107729A,1
kr_1020230004768,kr_KR1020190090406A,1
kr_1020230004768,kr_KR1020200010099A,1
kr_1020230004768,kr_KR1020210079649A,1
kr_1020230004768,kr_KR1020220107944A,1
kr_1020230016301,jp_JP2004088077A,1
kr_1020230016301,kr_KR100441363B1,1
kr_1020230016301,kr_KR1020060003831A,1
kr_1020230016534,jp_JP2010503204A,1
kr_1020230016534,kr_KR1020100012436A,1
kr_1020230016534,kr_KR1020130129146A,1
kr_1020230016534,kr_KR1020180003435A,1
kr_1020230018953,kr_KR1020180087824A,1
kr_1020230018953,kr_KR1020220161310A,1
kr_1020230020235,kr_KR100796205B1,1
kr_1020230020235,kr_KR1020170033600A,1
kr_1020230020235,kr_KR1020170059725A,1
kr_1020230020235,kr_KR1020190108479A,1
kr_1020230022864,kr_KR1020100090213A,1
kr_1020230026883,kr_KR1020140042699A,1
kr_1020230026883,kr_KR1020220090213A,1
kr_1020230029510,kr_KR1020120105292A,1
kr_1020230029510,kr_KR1020170084471A,1
kr_1020230029510,kr_KR1020180087824A,1
kr_1020230029510,kr_KR1020220161310A,1
kr_1020230029864,kr_KR1020020002546A,1
kr_1020230029864,kr_KR1020200133594A,1
kr_1020230031770,jp_JP2012209209A,1
kr_1020230031770,kr_KR1020120096084A,1
kr_1020230031770,kr_KR1020160043211A,1
kr_1020230033862,jp_JP2013139642A,1
kr_1020230033862,jp_JP2019081948A,1
kr_1020230033862,kr_KR1020080012758A,1
kr_1020230035783,cn_CN107164741A,1
kr_1020230035783,cn_CN108910953A,1
kr_1020230035783,cn_CN109772369A,1
kr_1020230035783,cn_CN112079386A,1
kr_1020230035783,cn_CN114910436A,1
kr_1020230040434,kr_KR1020170080123A,1
kr_1020230041154,jp_JP2011003885A,1
kr_1020230041154,jp_JP2018111878A,1
kr_1020230041154,kr_KR1020130008203A,1
kr_1020230041154,kr_KR1020140142160A,1
kr_1020230041154,kr_KR102245653B1,1
kr_1020230042365,jp_JP2003001206A,1
kr_1020230042365,kr_KR101452851B1,1
kr_1020230042595,kr_KR1020210018380A,1
kr_1020230042595,kr_KR1020220046363A,1
kr_1020230042595,kr_KR102439867B1,1
kr_1020230048661,jp_JP2018109219A,1
kr_1020230048661,kr_KR1020210031398A,1
kr_1020230049774,kr_KR1020120124951A,1
kr_1020230052756,kr_KR1020150037075A,1
kr_1020230053273,cn_CN105990081A,1
kr_1020230053273,kr_KR1020160055991A,1
kr_1020230053273,kr_KR1020170001603A,1
kr_1020230057845,us_US20130314125A1,1
kr_1020230062221,jp_JP2015122497A,1
kr_1020230062221,kr_KR1020040016779A,1
kr_1020230062221,kr_KR1020070067119A,1
kr_1020230062221,kr_KR1020150053253A,1
kr_1020230067050,kr_KR1020230044215A,1
kr_1020230075365,kr_KR1020220137082A,1
kr_1020230075365,kr_KR1020230029977A,1
kr_1020230076349,kr_KR1020150111874A,1
kr_1020230076349,kr_KR1020180064483A,1
kr_1020230076349,kr_KR1020190059250A,1
kr_1020230077383,jp_JP2017520906A,1
kr_1020230077383,kr_KR1020180130102A,1
kr_1020230077383,kr_KR1020190003050A,1
kr_1020230079681,kr_KR1020190045261A,1
kr_1020230079681,kr_KR1020220113200A,1
kr_1020230079932,kr_KR1020210036257A,1
kr_1020230079932,us_US20210395888A1,1
kr_1020230082032,kr_KR1020010062301A,1
kr_1020230082032,kr_KR1020100122901A,1
kr_1020230082032,kr_KR1020110081255A,1
kr_1020230084204,kr_KR1020160107731A,1
kr_1020230084204,kr_KR1020160144367A,1
kr_1020230084204,kr_KR1020170047019A,1
kr_1020230084204,kr_KR1020170126190A,1
kr_1020230084204,kr_KR1020180113901A,1
kr_1020230090842,jp_JP2003188394A,1
kr_1020230090842,kr_KR1020120038625A,1
kr_1020230090842,kr_KR1020160038695A,1
kr_1020230091931,jp_JP06081826A,1
kr_1020230091931,kr_KR101998202B1,1
kr_1020230091931,kr_KR1020140117728A,1
kr_1020230097348,cn_CN105424768A,1
kr_1020230097348,kr_KR1020130093306A,1
kr_1020230097348,kr_KR1020200097530A,1
kr_1020230097427,kr_KR1020230087074A,1
kr_1020230098794,jp_JP2005171291A,1
kr_1020230098927,jp_JP2005171291A,1
kr_1020230099012,kr_KR1020200072407A,1
kr_1020230103673,us_US08282983B1,1
kr_1020230103673,us_US20080251207A1,1
kr_1020230103673,us_US20130141455A1,1
kr_1020230112734,kr_KR1020210141416A,1
kr_1020230112734,kr_KR1020220024356A,1
kr_1020230112734,kr_KR1020220136681A,1
kr_1020230112734,kr_KR1020230089375A,1
kr_1020230113502,kr_KR1020130141436A,1
kr_1020230113502,kr_KR1020160124682A,1
kr_1020230116334,kr_KR1020080078209A,1
kr_1020230116334,kr_KR1020220142242A,1
kr_1020230117117,jp_JP2019203155A,1
kr_1020230117117,kr_KR1020090071729A,1
kr_1020230117117,kr_KR1020210145114A,1
kr_1020230119422,kr_KR1020160118080A,1
kr_1020230119422,kr_KR1020230106957A,1
kr_1020230125209,kr_KR1020060085281A,1
kr_1020230125209,kr_KR1020220028142A,1
kr_1020230126394,kr_KR1020070082954A,1
kr_1020230126396,other_1020040102433,1
kr_1020230126396,other_1020050000184,1
kr_1020230126396,us_US20150093880,1
kr_1020230130266,kr_KR1020080052499A,1
kr_1020230132220,kr_KR100907316B1,1
kr_1020230132220,kr_KR1020200098759A,1
kr_1020230135039,jp_JP2018150617A,1
kr_1020230135039,jp_JP2020097788A,1
kr_1020230137917,kr_KR101728768B1,1
kr_1020230137917,kr_KR101868703B1,1
kr_1020230142437,kr_KR1020210152310A,1
kr_1020230144640,kr_KR1020150002543A,1
kr_1020230144997,kr_KR1019990014245A,1
kr_1020230144997,us_US20220306899A1,1
kr_1020230148033,kr_KR1020080072924A,1
kr_1020230148033,kr_KR102357986B1,1
kr_1020230154619,jp_JP2005232582A,1
kr_1020230154619,jp_JP2019196522A,1
kr_1020230154619,kr_KR1020150117640A,1
kr_1020230154619,kr_KR1020190129823A,1
kr_1020230154619,kr_KR1020200002813A,1
kr_1020230156865,kr_KR1020120006893A,1
kr_1020230156865,kr_KR1020130024103A,1
kr_1020230156865,kr_KR1020130111783A,1
kr_1020230157583,kr_KR1020190122574A,1
kr_1020230157930,kr_KR100977674B1,1
kr_1020230157930,kr_KR101272985B1,1
kr_1020230157930,kr_KR101552667B1,1
kr_1020230157930,kr_KR102499926B1,1
kr_1020230159246,kr_KR1019990077237A,1
kr_1020230159246,kr_KR1020050028913A,1
kr_1020230160107,jp_JP2002208590A,1
kr_1020230160107,kr_KR1020000070265A,1
kr_1020230160107,kr_KR1020050084807A,1
kr_1020230160107,kr_KR1020070019747A,1
kr_1020230160107,kr_KR1020090053331A,1
kr_1020230165016,kr_KR1020200081003A,1
kr_1020230165016,kr_KR1020220101282A,1
kr_1020230165016,us_US20160247927A1,1
kr_1020230169126,cn_CN112552321A,1
kr_1020230169126,kr_KR1020110069865A,1
kr_1020230169844,jp_JP5298189B2,1
kr_1020230169844,kr_KR1020170002943A,1
kr_1020230170635,kr_KR1020090012676A,1
kr_1020230170635,kr_KR1020170038499A,1
kr_1020230170635,kr_KR1020180054173A,1
kr_1020230171131,kr_KR1020120117484A,1
kr_1020230171131,kr_KR1020190117240A,1
kr_1020230171131,kr_KR1020220017727A,1
kr_1020230172792,kr_KR102178105B1,1
kr_1020230182252,jp_JP2023067117A,1
kr_1020230182252,kr_KR101346472B1,1
kr_1020230182264,jp_JP2023067117A,1
kr_1020230182264,kr_KR101346472B1,1
kr_1020237004782,jp_JP2019527382A,1
kr_1020237004782,kr_KR1020110085736A,1
kr_1020237004782,kr_KR1020170021191A,1
kr_1020237006884,kr_KR1020160112909A,1
kr_1020237006884,kr_KR1020200038563A,1
kr_1020237007317,jp_JP2002207986A,1
kr_1020237007317,us_US08673686B2,1
kr_1020237007317,us_US20120248595A1,1
kr_1020237011834,jp_JP2015533029A,1
kr_1020237011834,jp_JP2017092357A,1
kr_1020237011836,jp_JP2015533029A,1
kr_1020237011836,jp_JP2017092357A,1
kr_1020237019504,jp_JP2015188102A,1
kr_1020237019504,kr_KR1020050035712A,1
kr_1020237019504,wo_WO2020220483A1,1
kr_1020237024637,jp_JP2012028631A,1
kr_1020237024637,kr_KR1020130088200A,1
kr_1020237024637,us_US20180017487A1,1
kr_1020237024637,us_US20180174873A1,1
kr_1020237025134,kr_KR1020220009457A,1
kr_1020237033439,jp_JP2005018992A,1
kr_1020237033439,jp_JP2014038928A,1
kr_1020237033439,kr_KR1020090081717A,1
kr_1020237033439,kr_KR1020140097312A,1
kr_1020237038547,kr_KR1020200138412A,1
kr_1020237038547,us_US20120052640A1,1
kr_1020237038835,cn_CN102403077A,1
kr_1020237038835,kr_KR100204255B1,1
kr_1020237039162,jp_JP2005320583A,1
kr_1020237039162,us_US20050025885A1,1
kr_1020237042183,us_US20080197780A1,1
kr_1020237042183,us_US20170111025A1,1
kr_1020237043405,jp_JP2019537704A,1
kr_1020237043405,kr_KR1020040092387A,1
kr_1020237043405,kr_KR1020210042418A,1
kr_1020237043941,kr_KR1020140033587A,1
kr_1020237044302,jp_JP2004270035A,1
kr_1020240000644,jp_JP2002281728A,1
kr_1020240000644,us_US20180211820A1,1
kr_1020240000652,kr_KR1020220118535A,1
kr_1020240000652,kr_KR102317402B1,1
kr_1020240005914,kr_KR1020160136109A,1
kr_1020240005914,kr_KR1020170119144A,1
kr_1020240015845,jp_JP2015095653A,1
kr_1020240015845,kr_KR1020110080230A,1
kr_1020240017286,kr_KR1020220081901A,1
kr_1020240017286,kr_KR1020220163280A,1
kr_1020240025544,kr_KR1020230002104A,1
kr_1020240031783,us_US05195729A,1
kr_1020240031783,us_US06343784B1,1
kr_1020240031783,us_US20070218664A1,1
kr_1020240031783,us_US20130276704A1,1
kr_1020240033495,kr_KR1020130097106A,1
kr_1020240033684,ep_EP01150331A2,1
kr_1020240033684,kr_KR1020060006219A,1
kr_1020240033684,kr_KR102070448B1,1
kr_1020240043473,kr_KR101934299B1,1
kr_1020240043473,kr_KR1020190133749A,1
kr_1020240044126,kr_KR1020050123113A,1
kr_1020240044126,kr_KR1020130058297A,1
kr_1020240044126,kr_KR1020230103362A,1
kr_1020240044126,wo_WO2021020501A1,1
kr_1020240046000,kr_KR1020080049252A,1
kr_1020240046000,kr_KR1020100111103A,1
kr_1020240054540,kr_KR1020230002104A,1
kr_1020240055852,kr_KR1020150072377A,1
kr_1020240055852,kr_KR1020160028360A,1
kr_1020240058966,kr_KR1020190136438A,1
kr_1020240058966,kr_KR1020210123248A,1
kr_1020240064595,kr_KR1020160017043A,1
kr_1020240064595,kr_KR1020190117890A,1
kr_1020240065248,kr_KR1019980077959A,1
kr_1020240065248,kr_KR1020200050955A,1
kr_1020240065248,kr_KR1020240023849A,1
kr_1020240069903,kr_KR1020120024544A,1
kr_1020240069903,kr_KR1020220029426A,1
kr_1020240069903,kr_KR1020220097191A,1
kr_1020240069903,us_US20150031187A1,1
kr_1020240071155,kr_KR1020100069392A,1
kr_1020240075348,kr_KR1020220046680A,1
kr_1020240075348,kr_KR1020230108690A,1
kr_1020240086074,kr_KR1020130062256A,1
kr_1020240094353,jp_JP07070458B2,1
kr_1020240094353,kr_KR1020200011294A,1
kr_1020240094353,kr_KR1020230013968A,1
kr_1020240094354,kr_KR1020200086691A,1
kr_1020240094354,kr_KR102193044B1,1
kr_1020240101083,kr_KR102446355B1,1
kr_1020240117203,jp_JP2007190456A,1
kr_1020240117203,kr_KR102383483B1,1
kr_1020240125457,kr_KR1020100112082A,1
kr_1020240144922,kr_KR1020100072316A,1
kr_1020240144922,kr_KR1020170054666A,1
kr_1020240145293,jp_JP2010267892A,1
kr_1020240145293,kr_KR1020180025901A,1
kr_1020240145293,kr_KR1020220127267A,1
kr_1020240145293,kr_KR1020240141050A,1
kr_1020240147227,kr_KR1020060097066A,1
kr_1020240159937,kr_KR1020030058115A,1
kr_1020240159937,us_US20130084393A1,1
kr_1020240179836,kr_KR1020180010939A,1
kr_1020240191295,jp_JP2009253263A,1
kr_1020240191295,kr_KR1020050094475A,1
kr_1020247003070,jp_JP2000100895A,1
kr_1020247003070,kr_KR1020200044892A,1
kr_1020247005317,kr_KR1020210074208A,1
kr_1020247005317,us_US11062921B1,1
kr_1020247005317,us_US20180182597A1,1
kr_1020247007967,kr_KR1020130018380A,1
kr_1020247007967,kr_KR1020150006457A,1
kr_1020247007967,kr_KR1020180110597A,1
kr_1020247011010,jp_JP2012151469A,1
kr_1020247011010,kr_KR1020100094535A,1
kr_1020247018636,kr_KR101420526B1,1
kr_1020247018636,kr_KR1020080112626A,1
kr_1020247018636,kr_KR1020100121187A,1
kr_1020247018636,kr_KR1020200113788A,1
kr_1020247029100,jp_JP2019212910A,1
kr_1020247029100,us_US06490145B1,1
kr_1020257006681,us_US20120153483A1,1
kr_1020257006681,us_US20180323103A1,1
kr_1020257006681,us_US20220130724A1,1
kr_1020257012412,kr_KR1020160090402A,1
kr_1020257012412,kr_KR1020210156884A,1
kr_1020257021972,us_US20070281456A1,1
