doc_id,split,family_id,filing_date
kr_1019970082313,train,19530837,1997-12-31
kr_1019980061060,train,19567816,1998-12-30
kr_1020040038467,train,37287779,2004-05-28
kr_1020040054512,train,37117560,2004-07-13
kr_1020040056909,train,37119592,2004-07-21
kr_1020040110593,train,37165422,2004-12-22
kr_1020040114205,train,37167959,2004-12-28
kr_1020040118271,train,37170822,2004-12-31
kr_1020050108101,train,38274113,2005-11-11
kr_1020060027807,train,38803810,2006-03-28
kr_1020060038703,train,39062181,2006-04-28
kr_1020060077995,train,39384361,2006-08-18
kr_1020060085753,train,39396356,2006-09-06
kr_1020060085877,train,39396411,2006-09-06
kr_1020060096447,train,39532149,2006-09-29
kr_1020060096478,train,39532166,2006-09-29
kr_1020060106778,train,39647418,2006-10-31
kr_1020060118458,train,39804523,2006-11-28
kr_1020060120920,train,39476317,2006-12-01
kr_1020060121430,train,39532242,2006-12-04
kr_1020060132016,train,39803715,2006-12-21
kr_1020060136836,train,39813972,2006-12-28
kr_1020070017918,train,39880417,2007-02-22
kr_1020070027189,train,40025236,2007-03-20
kr_1020070045015,train,39968731,2007-05-09
kr_1020070045018,train,39968712,2007-05-09
kr_1020070052593,train,40366576,2007-05-30
kr_1020070060529,train,39036017,2007-06-20
kr_1020070060573,train,40136322,2007-06-20
kr_1020070061231,train,40204582,2007-06-21
kr_1020070062550,train,40370936,2007-06-25
kr_1020070064330,train,40483536,2007-06-28
kr_1020070065442,train,40484320,2007-06-29
kr_1020070066622,train,40486298,2007-07-03
kr_1020070070962,train,40488286,2007-07-16
kr_1020070073856,train,40489756,2007-07-24
kr_1020070074789,train,40682476,2007-07-25
kr_1020070077510,train,40332107,2007-08-01
kr_1020070077633,train,40338549,2007-08-02
kr_1020070077652,train,40683915,2007-08-02
kr_1020070079001,train,40684634,2007-08-07
kr_1020070081633,train,40350816,2007-08-14
kr_1020070083414,train,39101223,2007-08-20
kr_1020070097272,train,40759097,2007-09-27
kr_1020070101416,train,40666089,2007-10-09
kr_1020070107981,train,39329089,2007-10-25
kr_1020070109117,train,40854184,2007-10-29
kr_1020070110667,train,40855082,2007-10-31
kr_1020070110733,train,40855134,2007-10-31
kr_1020070110833,train,40855182,2007-11-01
kr_1020070111157,train,40855375,2007-11-01
kr_1020070112958,train,40856569,2007-11-07
kr_1020070119658,train,40789161,2007-11-22
kr_1020070119813,train,40860698,2007-11-22
kr_1020070120745,train,39462765,2007-11-26
kr_1020070120889,train,40861377,2007-11-26
kr_1020070122636,train,40987294,2007-11-29
kr_1020070126747,train,40989803,2007-12-07
kr_1020070132134,train,40993308,2007-12-17
kr_1020070134305,train,39541574,2007-12-20
kr_1020070135864,train,40995671,2007-12-21
kr_1020070135871,train,40789159,2007-12-21
kr_1020070136090,train,40995857,2007-12-24
kr_1020070137551,train,41321380,2007-12-26
kr_1020070138573,train,41322060,2007-12-27
kr_1020070138818,train,40798980,2007-12-27
kr_1020070139169,train,41322458,2007-12-27
kr_1020077006288,train,35967601,2005-08-23
kr_1020077023871,train,37010943,2006-03-15
kr_1020077024878,train,36922217,2006-04-24
kr_1020077026968,train,37394355,2006-04-25
kr_1020077028622,train,36997233,2006-06-02
kr_1020080003152,train,40849899,2008-01-10
kr_1020080003879,train,41336280,2008-01-14
kr_1020080003975,train,40851009,2008-01-14
kr_1020080011204,train,39883570,2008-02-04
kr_1020080017256,train,40105427,2008-02-26
kr_1020080017301,train,41209215,2008-02-26
kr_1020080017693,train,40998742,2008-02-27
kr_1020080020588,train,40572200,2008-03-05
kr_1020080020589,train,40106859,2008-03-05
kr_1020080020701,train,41295691,2008-03-05
kr_1020080021592,train,41296413,2008-03-07
kr_1020080023547,train,41357383,2008-03-13
kr_1020080023972,train,41357589,2008-03-14
kr_1020080024348,train,41357869,2008-03-17
kr_1020080024617,train,41358017,2008-03-17
kr_1020080025439,train,41358483,2008-03-19
kr_1020080027789,train,39792710,2008-03-26
kr_1020080028235,train,39792722,2008-03-27
kr_1020080028321,train,41532595,2008-03-27
kr_1020080028866,train,41532881,2008-03-28
kr_1020080029590,train,41534073,2008-03-31
kr_1020080030254,train,41534780,2008-04-01
kr_1020080031159,train,41535287,2008-04-03
kr_1020080031804,train,39826192,2008-04-04
kr_1020080033916,train,41164339,2008-04-11
kr_1020080038366,train,41553627,2008-04-24
kr_1020080040909,train,41556164,2008-04-30
kr_1020080040940,train,41556177,2008-04-30
kr_1020080048613,train,41685127,2008-05-26
kr_1020080049690,train,41685768,2008-05-28
kr_1020080050188,train,41685293,2008-05-29
kr_1020080050862,train,41686495,2008-05-30
kr_1020080052888,train,41399481,2008-06-05
kr_1020080055333,train,39881993,2008-06-12
kr_1020080057021,train,41688031,2008-06-17
kr_1020080062219,train,41812393,2008-06-30
kr_1020080064782,train,41814124,2008-07-04
kr_1020080066151,train,41504189,2008-07-08
kr_1020080066912,train,41815776,2008-07-10
kr_1020080071369,train,42085098,2008-07-22
kr_1020080072806,train,42086012,2008-07-25
kr_1020080075740,train,42087897,2008-08-01
kr_1020080075746,train,42087904,2008-08-01
kr_1020080075923,train,42088231,2008-08-04
kr_1020080076052,train,42088310,2008-08-04
kr_1020080077769,train,40505430,2008-08-08
kr_1020080078101,train,42089692,2008-08-08
kr_1020080078406,train,42089937,2008-08-11
kr_1020080084451,train,40406039,2008-08-28
kr_1020080091526,train,41821361,2008-09-18
kr_1020080091979,train,42182050,2008-09-19
kr_1020080091984,train,42182055,2008-09-19
kr_1020080092696,train,42182501,2008-09-22
kr_1020080093453,train,40152037,2008-09-23
kr_1020080102436,train,42109013,2008-10-20
kr_1020080109237,train,42276309,2008-11-05
kr_1020080109284,train,42276341,2008-11-05
kr_1020080109754,train,42276674,2008-11-06
kr_1020080109757,train,42130340,2008-11-06
kr_1020080110954,train,42114726,2008-11-10
kr_1020080111255,train,42164349,2008-11-10
kr_1020080111270,train,42277691,2008-11-10
kr_1020080112007,train,42164348,2008-11-12
kr_1020080126999,train,42366819,2008-12-15
kr_1020080129942,train,42368802,2008-12-19
kr_1020080133109,train,42637117,2008-12-24
kr_1020080133137,train,42637144,2008-12-24
kr_1020080134269,train,42283712,2008-12-26
kr_1020080134531,train,42638191,2008-12-26
kr_1020080134761,train,38632520,2008-12-26
kr_1020080137964,train,42309960,2008-12-31
kr_1020080138567,train,42285454,2008-12-31
kr_1020087002152,train,36644915,2006-04-19
kr_1020087009666,train,37968128,2006-10-20
kr_1020087010493,train,37900151,2006-09-22
kr_1020087013367,train,37890677,2006-11-01
kr_1020087029146,train,38778361,2007-05-11
kr_1020090000944,train,42311137,2009-01-06
kr_1020090005062,train,42336226,2009-01-21
kr_1020090005381,train,42644781,2009-01-22
kr_1020090005638,train,41534412,2009-01-22
kr_1020090005817,train,42753577,2009-01-23
kr_1020090008804,train,42755394,2009-02-04
kr_1020090012467,train,41062881,2009-02-16
kr_1020090015710,train,41062078,2009-02-25
kr_1020090025243,train,42363526,2009-03-25
kr_1020090026860,train,42784798,2009-03-30
kr_1020090027352,train,41535498,2009-03-31
kr_1020090028219,train,43130682,2009-04-01
kr_1020090030003,train,42825437,2009-04-07
kr_1020090030006,train,42825479,2009-04-07
kr_1020090031897,train,43132959,2009-04-13
kr_1020090035063,train,41553739,2009-04-22
kr_1020090041213,train,43407234,2009-05-12
kr_1020090041249,train,43407251,2009-05-12
kr_1020090045491,train,43504398,2009-05-25
kr_1020090047329,train,43505586,2009-05-29
kr_1020090051980,train,43508626,2009-06-11
kr_1020090055948,train,43511293,2009-06-23
kr_1020090057673,train,43609130,2009-06-26
kr_1020090059159,train,43610130,2009-06-30
kr_1020090059161,train,43610132,2009-06-30
kr_1020090059164,train,43610134,2009-06-30
kr_1020090067518,train,43615550,2009-07-23
kr_1020090080425,train,42178854,2009-08-28
kr_1020090089522,train,43936962,2009-09-22
kr_1020090093614,train,43610358,2009-09-30
kr_1020090101591,train,44240261,2009-10-26
kr_1020090110594,train,44010673,2009-11-17
kr_1020090126150,train,44401251,2009-12-17
kr_1020090134121,train,44917097,2009-12-30
kr_1020097015911,train,39387224,2007-12-24
kr_1020097022840,train,40351080,2008-08-07
kr_1020100002908,train,43613397,2010-01-12
kr_1020100005621,train,42336229,2010-01-21
kr_1020100013724,train,44930400,2010-02-16
kr_1020100014182,train,44369044,2010-02-17
kr_1020100014987,train,42630209,2010-02-19
kr_1020100019729,train,44531700,2010-03-05
kr_1020100024200,train,44061466,2010-03-18
kr_1020100024497,train,44955726,2010-03-18
kr_1020100025878,train,44655355,2010-03-23
kr_1020100028136,train,42783074,2010-03-29
kr_1020100035424,train,44787608,2010-04-16
kr_1020100039538,train,44858161,2010-04-28
kr_1020100040171,train,44857579,2010-04-29
kr_1020100050403,train,45499493,2010-05-28
kr_1020100051963,train,45021324,2010-06-01
kr_1020100054799,train,45502119,2010-06-10
kr_1020100055663,train,45095528,2010-06-11
kr_1020100060569,train,45351724,2010-06-25
kr_1020100063539,train,45400032,2010-07-01
kr_1020100065513,train,45611228,2010-07-07
kr_1020100067528,train,45484172,2010-07-13
kr_1020100068373,train,45612942,2010-07-15
kr_1020100068586,train,45467310,2010-07-15
kr_1020100070217,train,45834478,2010-07-20
kr_1020100071383,train,45834687,2010-07-23
kr_1020100071611,train,44645490,2010-07-23
kr_1020100073919,train,45836067,2010-07-30
kr_1020100074585,train,45836423,2010-08-02
kr_1020100077472,train,45564191,2010-08-11
kr_1020100078475,train,45838492,2010-08-13
kr_1020100078538,train,45838511,2010-08-13
kr_1020100085600,train,44149851,2010-09-01
kr_1020100085860,train,46130497,2010-09-02
kr_1020100086427,train,43755828,2010-09-03
kr_1020100089752,train,45807126,2010-09-14
kr_1020100092578,train,45816974,2010-09-20
kr_1020100095959,train,45933370,2010-10-01
kr_1020100096071,train,45400019,2010-10-01
kr_1020100119146,train,46609305,2010-11-26
kr_1020100121230,train,46610866,2010-12-01
kr_1020100122005,train,46161416,2010-12-02
kr_1020100122773,train,46265360,2010-12-03
kr_1020100127612,train,46198480,2010-12-14
kr_1020100138858,train,46350499,2010-12-30
kr_1020100140459,train,46380000,2010-12-31
kr_1020107004621,train,40428711,2008-08-12
kr_1020107007413,train,40429639,2008-08-25
kr_1020107013589,train,40667270,2008-11-17
kr_1020107016420,train,40787306,2008-12-19
kr_1020107019157,train,40912295,2009-01-29
kr_1020110001766,train,46712987,2011-01-07
kr_1020110002407,train,46455595,2011-01-10
kr_1020110004456,train,46714555,2011-01-17
kr_1020110006803,train,46871695,2011-01-24
kr_1020110006908,train,46871745,2011-01-24
kr_1020110007020,train,46871794,2011-01-24
kr_1020110007039,train,46871805,2011-01-24
kr_1020110007083,train,46871892,2011-01-25
kr_1020110009078,train,46873214,2011-01-28
kr_1020110016657,train,44475778,2011-02-24
kr_1020110018138,train,44952141,2011-02-28
kr_1020110018851,train,45805797,2011-03-03
kr_1020110021034,train,47111222,2011-03-09
kr_1020110023743,train,45466211,2011-03-17
kr_1020110023749,train,45695978,2011-03-17
kr_1020110029674,train,47281996,2011-03-31
kr_1020110038994,train,47507668,2011-04-26
kr_1020110044042,train,47511684,2011-05-11
kr_1020110044147,train,47141319,2011-05-11
kr_1020110044770,train,47142128,2011-05-12
kr_1020110047964,train,47174306,2011-05-20
kr_1020110049020,train,47199445,2011-05-24
kr_1020110054423,train,47903295,2011-06-07
kr_1020110054559,train,45976871,2011-06-07
kr_1020110057210,train,47353488,2011-06-14
kr_1020110062839,train,45351708,2011-06-28
kr_1020110070880,train,46885598,2011-07-18
kr_1020110071325,train,47839778,2011-07-19
kr_1020110075573,train,47894183,2011-07-29
kr_1020110076992,train,47627198,2011-08-02
kr_1020110077018,train,47626434,2011-08-02
kr_1020110079726,train,47676951,2011-08-10
kr_1020110081841,train,46708436,2011-08-17
kr_1020110083840,train,48174367,2011-08-23
kr_1020110084338,train,48174627,2011-08-24
kr_1020110084418,train,45695932,2011-08-24
kr_1020110086493,train,46827793,2011-08-29
kr_1020110087105,train,46491089,2011-08-30
kr_1020110088261,train,45825443,2011-09-01
kr_1020110091273,train,46876607,2011-09-08
kr_1020110092999,train,46527991,2011-09-15
kr_1020110096810,train,47910238,2011-09-26
kr_1020110104667,train,48082043,2011-10-13
kr_1020110105419,train,48440361,2011-10-14
kr_1020110109666,train,48657473,2011-10-26
kr_1020110120353,train,48426018,2011-11-17
kr_1020110123062,train,48665027,2011-11-23
kr_1020110132862,train,48862511,2011-12-12
kr_1020110142217,train,48654956,2011-12-26
kr_1020110143454,train,48655201,2011-12-27
kr_1020117000341,train,41444505,2009-06-23
kr_1020117004972,train,32852672,2004-01-30
kr_1020117007472,train,42100897,2009-09-24
kr_1020117011351,train,42287520,2009-12-08
kr_1020117011375,train,42116598,2009-10-20
kr_1020117015433,train,42827680,2009-12-10
kr_1020117016840,train,42283787,2009-12-23
kr_1020117019031,train,39721192,2008-02-25
kr_1020117023560,train,42729054,2010-03-09
kr_1020117025708,train,39863822,2008-03-31
kr_1020120008297,train,48869474,2012-01-27
kr_1020120012880,train,47534608,2012-02-08
kr_1020120016849,train,49218771,2012-02-20
kr_1020120021214,train,49003303,2012-02-29
kr_1020120023599,train,49029690,2012-03-07
kr_1020120039915,train,49324311,2012-04-17
kr_1020120041773,train,47508238,2012-04-20
kr_1020120042158,train,49379324,2012-04-23
kr_1020120042473,train,47508239,2012-04-24
kr_1020120050366,train,49547939,2012-05-11
kr_1020120050375,train,49854451,2012-05-11
kr_1020120053124,train,47514347,2012-05-18
kr_1020120054325,train,49620922,2012-05-22
kr_1020120056605,train,49981377,2012-05-29
kr_1020120057330,train,49981756,2012-05-30
kr_1020120071127,train,47424702,2012-06-29
kr_1020120078118,train,47555173,2012-07-18
kr_1020120079541,train,49946891,2012-07-20
kr_1020120089680,train,50268702,2012-08-16
kr_1020120091815,train,50147199,2012-08-22
kr_1020120093825,train,49852286,2012-08-27
kr_1020120095225,train,50641986,2012-08-29
kr_1020120095541,train,50642619,2012-08-30
kr_1020120095927,train,47752281,2012-08-30
kr_1020120111603,train,50653493,2012-10-09
kr_1020120130403,train,50891301,2012-11-16
kr_1020120139831,train,50824546,2012-12-04
kr_1020120146386,train,51129422,2012-12-14
kr_1020120148667,train,50930704,2012-12-18
kr_1020120151681,train,50384416,2012-12-24
kr_1020120152163,train,51733294,2012-12-24
kr_1020120157414,train,51037172,2012-12-28
kr_1020120157415,train,51037170,2012-12-28
kr_1020127008081,train,43826211,2010-09-28
kr_1020127008955,train,44080821,2011-02-15
kr_1020127009299,train,43733125,2010-09-13
kr_1020127009380,train,43758728,2010-09-16
kr_1020127009592,train,43729603,2010-08-19
kr_1020127011502,train,43822500,2010-09-08
kr_1020127014740,train,43991541,2010-10-21
kr_1020127014971,train,43991527,2010-10-19
kr_1020127016689,train,46243802,2011-08-02
kr_1020127019678,train,44309279,2011-01-05
kr_1020127020228,train,47292216,2012-05-28
kr_1020127020842,train,43126803,2010-05-21
kr_1020127022208,train,44475796,2011-02-09
kr_1020127024182,train,45469337,2011-07-05
kr_1020127024854,train,44505516,2011-01-27
kr_1020127027345,train,44833959,2011-04-20
kr_1020127030180,train,42732409,2010-05-20
kr_1020130002569,train,47839972,2013-01-09
kr_1020130007284,train,50546038,2013-01-23
kr_1020130012026,train,51745738,2013-02-01
kr_1020130032248,train,40220745,2013-03-26
kr_1020130033058,train,51991920,2013-03-27
kr_1020130035446,train,51991849,2013-04-01
kr_1020130041070,train,51994308,2013-04-15
kr_1020130060541,train,52457980,2013-05-28
kr_1020130064700,train,52006468,2013-06-05
kr_1020130079498,train,49771317,2013-07-08
kr_1020130090620,train,50024597,2013-07-31
kr_1020130091917,train,49218943,2013-08-02
kr_1020130091970,train,52426875,2013-08-02
kr_1020130097456,train,52578948,2013-08-16
kr_1020130113863,train,52690787,2013-09-25
kr_1020130131028,train,53004397,2013-10-31
kr_1020130142563,train,50892804,2013-11-22
kr_1020130157028,train,53517134,2013-12-17
kr_1020130158174,train,49619836,2013-12-18
kr_1020130162314,train,53401048,2013-12-24
kr_1020137001793,train,45371237,2011-05-12
kr_1020137003171,train,45530192,2011-07-28
kr_1020137006043,train,45593412,2011-07-22
kr_1020137006789,train,45723461,2011-08-23
kr_1020137007216,train,45892284,2011-09-21
kr_1020137007676,train,45770024,2011-08-18
kr_1020137007759,train,45993267,2010-10-25
kr_1020137008122,train,45892934,2011-09-26
kr_1020137008124,train,45938236,2011-10-04
kr_1020137008425,train,43104661,2011-08-09
kr_1020137008784,train,45810359,2011-09-02
kr_1020137011769,train,46207006,2011-11-25
kr_1020137015643,train,43411508,2011-11-17
kr_1020137015867,train,46314071,2011-12-22
kr_1020137016522,train,46146009,2011-11-28
kr_1020137019144,train,46234933,2011-12-19
kr_1020137020128,train,46379999,2011-12-29
kr_1020137022174,train,46544476,2012-01-16
kr_1020137027103,train,45977024,2012-03-09
kr_1020137027828,train,46878692,2012-03-19
kr_1020137028184,train,46931599,2012-03-28
kr_1020137033903,train,47292216,2012-05-28
kr_1020137035127,train,48043797,2012-10-04
kr_1020140000858,train,53792962,2014-01-03
kr_1020140000891,train,53494722,2014-01-03
kr_1020140009165,train,53873002,2014-01-24
kr_1020140011201,train,53885202,2014-01-29
kr_1020140024106,train,54243133,2014-02-28
kr_1020140034220,train,54344327,2014-03-24
kr_1020140037880,train,54191520,2014-03-31
kr_1020140041628,train,54365588,2014-04-08
kr_1020140047673,train,54332731,2014-04-21
kr_1020140047932,train,54599475,2014-04-22
kr_1020140059539,train,54847539,2014-05-19
kr_1020140070032,train,55081288,2014-06-10
kr_1020140070658,train,52479428,2014-06-11
kr_1020140077241,train,54870361,2014-06-24
kr_1020140077930,train,52185967,2014-06-25
kr_1020140083150,train,40152037,2014-07-03
kr_1020140091132,train,52777282,2014-07-18
kr_1020140096727,train,55079413,2014-07-29
kr_1020140110888,train,55535951,2014-08-25
kr_1020140113447,train,51991899,2014-08-28
kr_1020140116106,train,52628534,2014-09-02
kr_1020140128422,train,55799659,2014-09-25
kr_1020140129295,train,52739252,2014-09-26
kr_1020140132455,train,55633295,2014-10-01
kr_1020140132683,train,51417215,2014-10-01
kr_1020140145151,train,56021996,2014-10-24
kr_1020140145438,train,53172350,2014-10-24
kr_1020140145461,train,56020243,2014-10-24
kr_1020140148676,train,55857691,2014-10-29
kr_1020140148694,train,55857690,2014-10-29
kr_1020140150219,train,56025821,2014-10-31
kr_1020140151488,train,53755440,2014-11-03
kr_1020140170450,train,53265973,2014-12-02
kr_1020140193744,train,56165056,2014-12-30
kr_1020147006096,train,48535267,2012-11-15
kr_1020147006450,train,48167727,2012-10-15
kr_1020147006805,train,47883573,2011-09-14
kr_1020147008640,train,47830207,2012-09-07
kr_1020147012232,train,48191914,2012-10-25
kr_1020147012459,train,49758304,2013-06-13
kr_1020147021919,train,48983900,2013-02-12
kr_1020147026103,train,46382539,2011-12-02
kr_1020147026472,train,49082629,2013-02-27
kr_1020147029165,train,46083988,2011-11-14
kr_1020147030819,train,49324274,2013-04-05
kr_1020147032494,train,45469337,2011-07-05
kr_1020147035936,train,49783965,2013-06-11
kr_1020150004211,train,56367997,2015-01-12
kr_1020150006320,train,56368080,2015-01-13
kr_1020150023151,train,56551822,2015-02-16
kr_1020150025953,train,52589256,2015-02-24
kr_1020150025968,train,52589258,2015-02-24
kr_1020150035731,train,57068328,2015-03-16
kr_1020150038368,train,57073533,2015-03-19
kr_1020150045512,train,57146223,2015-03-31
kr_1020150050239,train,57112813,2015-04-09
kr_1020150050504,train,56023545,2015-04-09
kr_1020150053293,train,57446309,2015-04-15
kr_1020150053348,train,57251448,2015-04-15
kr_1020150053885,train,57129893,2015-04-16
kr_1020150067857,train,57542080,2015-05-15
kr_1020150068311,train,57705602,2015-05-15
kr_1020150072028,train,57162100,2015-05-22
kr_1020150088906,train,55068199,2015-06-23
kr_1020150090443,train,57832143,2015-06-25
kr_1020150100396,train,47534608,2015-07-15
kr_1020150106257,train,53765026,2015-07-28
kr_1020150109469,train,55371824,2015-08-03
kr_1020150112871,train,58313711,2015-08-11
kr_1020150113143,train,58314018,2015-08-11
kr_1020150113607,train,56618097,2015-08-12
kr_1020150113790,train,53673558,2015-08-12
kr_1020150127426,train,55358337,2015-09-09
kr_1020150127674,train,48136315,2015-09-09
kr_1020150139161,train,55749062,2015-10-02
kr_1020150155906,train,58662276,2015-11-06
kr_1020150156906,train,58663727,2015-11-09
kr_1020150177194,train,42782988,2015-12-11
kr_1020150177990,train,59283496,2015-12-14
kr_1020150178012,train,56112168,2015-12-14
kr_1020150182551,train,59280188,2015-12-21
kr_1020150182552,train,59280077,2015-12-21
kr_1020150191605,train,59356495,2015-12-31
kr_1020150191628,train,59356432,2015-12-31
kr_1020150191707,train,59356027,2015-12-31
kr_1020157000390,train,50627237,2013-10-24
kr_1020157000676,train,49997340,2013-07-24
kr_1020157001020,train,49881907,2013-06-28
kr_1020157002120,train,50024603,2013-07-24
kr_1020157002549,train,49725703,2013-07-03
kr_1020157009425,train,50487850,2013-10-16
kr_1020157009912,train,45371237,2011-05-12
kr_1020157011008,train,50384363,2013-07-31
kr_1020157012512,train,50730851,2013-11-08
kr_1020157012833,train,40786668,2008-04-28
kr_1020157014563,train,50883254,2013-11-15
kr_1020157015571,train,50731120,2013-11-11
kr_1020157017262,train,55217961,2014-07-28
kr_1020157018025,train,52665403,2014-05-21
kr_1020157019033,train,51491198,2014-02-28
kr_1020157019622,train,53007340,2014-11-04
kr_1020157020425,train,46146009,2011-11-28
kr_1020157021305,train,51164553,2014-01-10
kr_1020157022334,train,51491991,2014-03-07
kr_1020157022581,train,51351402,2014-02-13
kr_1020157023069,train,55581664,2014-09-26
kr_1020157027504,train,40787306,2008-12-19
kr_1020157028308,train,51536731,2014-03-10
kr_1020157030260,train,52105058,2013-06-21
kr_1020157030280,train,52110138,2014-06-19
kr_1020157031052,train,51898714,2013-05-15
kr_1020157033176,train,50841897,2014-04-25
kr_1020157034213,train,47596222,2012-07-24
kr_1020157036551,train,52141854,2014-06-24
kr_1020160001562,train,59358636,2016-01-06
kr_1020160002833,train,58378374,2016-01-08
kr_1020160014323,train,59752457,2016-02-04
kr_1020160016943,train,58743409,2016-02-15
kr_1020160018600,train,56711969,2016-02-17
kr_1020160021115,train,59761248,2016-02-23
kr_1020160021465,train,59761138,2016-02-23
kr_1020160023422,train,58693297,2016-02-26
kr_1020160023581,train,59924740,2016-02-26
kr_1020160039194,train,60139583,2016-03-31
kr_1020160043139,train,57112182,2016-04-08
kr_1020160044945,train,60298834,2016-04-12
kr_1020160044953,train,60298662,2016-04-12
kr_1020160047857,train,60039627,2016-04-19
kr_1020160048552,train,41607404,2016-04-21
kr_1020160061291,train,57325112,2016-05-19
kr_1020160062171,train,60330979,2016-05-20
kr_1020160063657,train,60428105,2016-05-24
kr_1020160064524,train,60922330,2016-05-26
kr_1020160065675,train,52672948,2016-05-27
kr_1020160067787,train,58778896,2016-05-31
kr_1020160080686,train,61003428,2016-06-28
kr_1020160081563,train,61003463,2016-06-29
kr_1020160093314,train,61232126,2016-07-22
kr_1020160107996,train,61246165,2016-08-24
kr_1020160109880,train,47534608,2016-08-29
kr_1020160110568,train,61725878,2016-08-30
kr_1020160123029,train,41315298,2016-09-26
kr_1020160135438,train,62081604,2016-10-19
kr_1020160155007,dev,62300536,2016-11-21
kr_1020160155008,train,62300128,2016-11-21
kr_1020160164092,dev,62629090,2016-12-05
kr_1020160168658,dev,62769772,2016-12-12
kr_1020160169222,dev,62559733,2016-12-13
kr_1020160170081,dev,62768466,2016-12-14
kr_1020160177741,dev,59387098,2016-12-23
kr_1020167002643,train,54195046,2015-03-04
kr_1020167004103,train,48793986,2014-07-08
kr_1020167008560,train,50014416,2013-11-26
kr_1020167008650,train,50621533,2013-10-30
kr_1020167008777,train,52778632,2014-09-26
kr_1020167009240,train,52688805,2014-09-05
kr_1020167009441,train,51627374,2014-09-15
kr_1020167013593,train,53479398,2013-12-26
kr_1020167015205,train,54195140,2015-03-13
kr_1020167023996,train,55533098,2015-09-03
kr_1020167024110,train,48535267,2012-11-15
kr_1020167024969,train,49082629,2013-02-27
kr_1020167028245,train,54069679,2015-03-10
kr_1020167028791,train,50693471,2014-09-03
kr_1020167029751,train,54239843,2015-03-30
kr_1020167030248,train,52875349,2015-04-07
kr_1020167030766,train,54323461,2014-12-19
kr_1020167031485,train,54935906,2014-06-16
kr_1020167034015,train,44646484,2011-03-18
kr_1020170001130,dev,62919833,2017-01-04
kr_1020170018545,dev,63443038,2017-02-10
kr_1020170023872,dev,59650982,2017-02-23
kr_1020170025705,dev,63246392,2017-02-27
kr_1020170027361,train,47752281,2017-03-02
kr_1020170030238,dev,51523946,2017-03-09
kr_1020170030500,dev,63259160,2017-03-10
kr_1020170032419,dev,55749610,2017-03-15
kr_1020170039367,dev,63864768,2017-03-28
kr_1020170044970,dev,63844258,2017-04-06
kr_1020170073407,dev,62628129,2017-06-12
kr_1020170078569,dev,44268067,2017-06-21
kr_1020170097000,dev,65137966,2017-07-31
kr_1020170111377,dev,61976261,2017-08-31
kr_1020170117430,dev,66036991,2017-09-13
kr_1020170122294,dev,61976263,2017-09-22
kr_1020170124139,dev,64735331,2017-09-26
kr_1020170125282,dev,65032139,2017-09-27
kr_1020170128000,train,55371824,2017-09-29
kr_1020170128111,dev,66036304,2017-09-29
kr_1020170131041,dev,66283562,2017-10-11
kr_1020170135831,dev,60383081,2017-10-19
kr_1020170135856,dev,62022567,2017-10-19
kr_1020170138476,dev,66582736,2017-10-24
kr_1020170139992,dev,66243184,2017-10-26
kr_1020170144933,dev,66545824,2017-11-01
kr_1020170147532,dev,66328343,2017-11-07
kr_1020170148163,dev,46161192,2017-11-08
kr_1020170161185,dev,41653315,2017-11-29
kr_1020170165267,train,47752281,2017-12-04
kr_1020170177506,dev,67255487,2017-12-21
kr_1020170185087,train,53755440,2017-12-29
kr_1020177000412,train,51266960,2015-06-09
kr_1020177003562,train,51709451,2014-08-15
kr_1020177006719,train,55630385,2015-09-25
kr_1020177007784,train,50978232,2013-12-06
kr_1020177016247,train,58386763,2016-09-21
kr_1020177016790,train,56615406,2016-01-20
kr_1020177017122,train,43991541,2010-10-21
kr_1020177017566,train,57319938,2016-05-16
kr_1020177017623,train,43991527,2010-10-19
kr_1020177018680,train,57392765,2016-05-17
kr_1020177019306,train,55135523,2015-12-15
kr_1020177019771,train,52023401,2015-12-04
kr_1020177021512,train,51491198,2014-02-28
kr_1020177021541,train,52444197,2016-02-01
kr_1020177021641,train,44833959,2011-04-20
kr_1020177024162,dev,59964123,2017-01-25
kr_1020177026182,train,50731611,2013-11-05
kr_1020177031482,train,57504001,2016-06-02
kr_1020177033163,train,57546384,2015-06-18
kr_1020177035199,train,57585756,2016-06-21
kr_1020177035841,train,52778632,2014-09-26
kr_1020177036496,train,44505506,2011-02-09
kr_1020180000130,test_b,kr_1020180000130,2018-01-02
kr_1020180000147,test_b,kr_1020180000147,2018-01-02
kr_1020180000202,test_b,kr_1020180000202,2018-01-02
kr_1020180000385,test_b,kr_1020180000385,2018-01-02
kr_1020180000414,test_b,67058527,2018-01-02
kr_1020180000415,test_b,67058609,2018-01-02
kr_1020180000425,test_b,kr_1020180000425,2018-01-02
kr_1020180000532,test_b,kr_1020180000532,2018-01-03
kr_1020180000717,test_b,kr_1020180000717,2018-01-03
kr_1020180000797,test_b,kr_1020180000797,2018-01-03
kr_1020180000898,test_b,kr_1020180000898,2018-01-03
kr_1020180001518,test_b,kr_1020180001518,2018-01-05
kr_1020180001705,test_b,kr_1020180001705,2018-01-05
kr_1020180001785,test_b,kr_1020180001785,2018-01-05
kr_1020180002099,test_b,kr_1020180002099,2018-01-08
kr_1020180002133,test_b,kr_1020180002133,2018-01-08
kr_1020180002465,test_b,kr_1020180002465,2018-01-08
kr_1020180002672,test_b,kr_1020180002672,2018-01-09
kr_1020180002722,test_b,kr_1020180002722,2018-01-09
kr_1020180003173,test_b,kr_1020180003173,2018-01-10
kr_1020180003767,test_b,67139858,2018-01-11
kr_1020180003774,test_b,kr_1020180003774,2018-01-11
kr_1020180003824,test_b,kr_1020180003824,2018-01-11
kr_1020180003856,test_b,kr_1020180003856,2018-01-11
kr_1020180004025,test_b,kr_1020180004025,2018-01-11
kr_1020180004517,test_b,kr_1020180004517,2018-01-12
kr_1020180004569,test_b,kr_1020180004569,2018-01-12
kr_1020180004608,test_b,kr_1020180004608,2018-01-12
kr_1020180004921,test_b,67214221,2018-01-15
kr_1020180004968,test_b,kr_1020180004968,2018-01-15
kr_1020180005032,test_b,kr_1020180005032,2018-01-15
kr_1020180005167,test_b,kr_1020180005167,2018-01-15
kr_1020180005247,test_b,kr_1020180005247,2018-01-15
kr_1020180005408,test_b,kr_1020180005408,2018-01-16
kr_1020180005426,test_b,kr_1020180005426,2018-01-16
kr_1020180006037,test_b,kr_1020180006037,2018-01-17
kr_1020180006236,test_b,kr_1020180006236,2018-01-17
kr_1020180006266,dev,67214118,2018-01-17
kr_1020180006273,test_b,kr_1020180006273,2018-01-17
kr_1020180006669,test_b,kr_1020180006669,2018-01-18
kr_1020180007034,test_b,kr_1020180007034,2018-01-19
kr_1020180007078,test_b,kr_1020180007078,2018-01-19
kr_1020180007149,test_b,kr_1020180007149,2018-01-19
kr_1020180007191,test_b,kr_1020180007191,2018-01-19
kr_1020180007291,test_b,kr_1020180007291,2018-01-19
kr_1020180007331,dev,67300256,2018-01-19
kr_1020180007333,test_b,67300192,2018-01-19
kr_1020180007481,test_b,kr_1020180007481,2018-01-22
kr_1020180007542,test_b,kr_1020180007542,2018-01-22
kr_1020180007632,test_b,kr_1020180007632,2018-01-22
kr_1020180007786,test_b,kr_1020180007786,2018-01-22
kr_1020180007787,test_b,kr_1020180007787,2018-01-22
kr_1020180007792,test_b,kr_1020180007792,2018-01-22
kr_1020180007801,test_b,kr_1020180007801,2018-01-22
kr_1020180007835,test_b,kr_1020180007835,2018-01-22
kr_1020180008216,test_b,kr_1020180008216,2018-01-23
kr_1020180008257,test_b,kr_1020180008257,2018-01-23
kr_1020180008349,test_b,kr_1020180008349,2018-01-23
kr_1020180008398,test_b,kr_1020180008398,2018-01-23
kr_1020180008508,test_b,kr_1020180008508,2018-01-23
kr_1020180008567,test_b,kr_1020180008567,2018-01-24
kr_1020180008583,test_b,kr_1020180008583,2018-01-24
kr_1020180008641,test_b,kr_1020180008641,2018-01-24
kr_1020180008897,test_b,kr_1020180008897,2018-01-24
kr_1020180008902,test_b,kr_1020180008902,2018-01-24
kr_1020180008906,test_b,kr_1020180008906,2018-01-24
kr_1020180008951,test_b,kr_1020180008951,2018-01-24
kr_1020180008972,test_b,kr_1020180008972,2018-01-24
kr_1020180009081,test_b,kr_1020180009081,2018-01-25
kr_1020180009476,test_b,kr_1020180009476,2018-01-25
kr_1020180009525,test_b,kr_1020180009525,2018-01-25
kr_1020180009597,test_b,kr_1020180009597,2018-01-25
kr_1020180009819,test_b,kr_1020180009819,2018-01-26
kr_1020180009853,test_b,kr_1020180009853,2018-01-26
kr_1020180009903,test_b,kr_1020180009903,2018-01-26
kr_1020180009928,test_b,kr_1020180009928,2018-01-26
kr_1020180010057,test_b,kr_1020180010057,2018-01-26
kr_1020180010115,test_b,kr_1020180010115,2018-01-26
kr_1020180010216,test_b,kr_1020180010216,2018-01-26
kr_1020180010431,test_b,kr_1020180010431,2018-01-29
kr_1020180010443,test_b,kr_1020180010443,2018-01-29
kr_1020180010716,test_b,kr_1020180010716,2018-01-29
kr_1020180010719,test_b,kr_1020180010719,2018-01-29
kr_1020180010721,test_b,kr_1020180010721,2018-01-29
kr_1020180010810,test_b,kr_1020180010810,2018-01-29
kr_1020180010815,test_b,kr_1020180010815,2018-01-29
kr_1020180010870,test_b,kr_1020180010870,2018-01-29
kr_1020180010876,test_b,kr_1020180010876,2018-01-29
kr_1020180011191,test_b,kr_1020180011191,2018-01-30
kr_1020180011218,test_b,kr_1020180011218,2018-01-30
kr_1020180011320,test_b,kr_1020180011320,2018-01-30
kr_1020180011537,test_b,kr_1020180011537,2018-01-30
kr_1020180011597,test_b,kr_1020180011597,2018-01-30
kr_1020180011669,test_b,67621416,2018-01-30
kr_1020180011882,test_b,66021246,2018-01-31
kr_1020180012232,test_b,kr_1020180012232,2018-01-31
kr_1020180012652,test_b,kr_1020180012652,2018-02-01
kr_1020180012767,test_b,kr_1020180012767,2018-02-01
kr_1020180012768,test_b,kr_1020180012768,2018-02-01
kr_1020180012835,test_b,kr_1020180012835,2018-02-01
kr_1020180012841,test_b,kr_1020180012841,2018-02-01
kr_1020180012877,test_b,kr_1020180012877,2018-02-01
kr_1020180012929,test_b,67392343,2018-02-01
kr_1020180012976,test_b,kr_1020180012976,2018-02-01
kr_1020180013211,test_b,kr_1020180013211,2018-02-02
kr_1020180013320,test_b,kr_1020180013320,2018-02-02
kr_1020180013979,test_b,kr_1020180013979,2018-02-05
kr_1020180014047,test_b,kr_1020180014047,2018-02-05
kr_1020180014069,test_b,kr_1020180014069,2018-02-05
kr_1020180014221,test_b,kr_1020180014221,2018-02-05
kr_1020180014518,test_b,kr_1020180014518,2018-02-06
kr_1020180014519,test_b,kr_1020180014519,2018-02-06
kr_1020180015102,dev,61387161,2018-02-07
kr_1020180015172,test_b,kr_1020180015172,2018-02-07
kr_1020180015492,test_b,kr_1020180015492,2018-02-08
kr_1020180015514,test_b,kr_1020180015514,2018-02-08
kr_1020180015730,test_b,kr_1020180015730,2018-02-08
kr_1020180016116,test_b,kr_1020180016116,2018-02-09
kr_1020180016192,test_b,kr_1020180016192,2018-02-09
kr_1020180016371,test_b,kr_1020180016371,2018-02-09
kr_1020180016493,test_b,kr_1020180016493,2018-02-09
kr_1020180016522,test_b,kr_1020180016522,2018-02-09
kr_1020180016645,test_b,kr_1020180016645,2018-02-12
kr_1020180017130,test_b,kr_1020180017130,2018-02-12
kr_1020180017259,test_b,kr_1020180017259,2018-02-12
kr_1020180017424,test_b,kr_1020180017424,2018-02-13
kr_1020180017540,test_b,kr_1020180017540,2018-02-13
kr_1020180017696,test_b,kr_1020180017696,2018-02-13
kr_1020180017812,test_b,kr_1020180017812,2018-02-13
kr_1020180018030,test_b,kr_1020180018030,2018-02-13
kr_1020180018032,test_b,kr_1020180018032,2018-02-13
kr_1020180018057,test_b,kr_1020180018057,2018-02-13
kr_1020180018229,test_b,kr_1020180018229,2018-02-14
kr_1020180018349,test_b,kr_1020180018349,2018-02-14
kr_1020180018426,test_b,kr_1020180018426,2018-02-14
kr_1020180018552,test_b,kr_1020180018552,2018-02-14
kr_1020180018669,test_b,kr_1020180018669,2018-02-14
kr_1020180018729,test_b,kr_1020180018729,2018-02-14
kr_1020180026799,dev,63372516,2018-03-07
kr_1020180035106,dev,61628636,2018-03-27
kr_1020180042500,dev,68420162,2018-04-12
kr_1020180106150,dev,56021053,2018-09-05
kr_1020180109051,dev,65808936,2018-09-12
kr_1020180111575,dev,69958550,2018-09-18
kr_1020180114808,dev,56408377,2018-09-27
kr_1020180126580,dev,67473767,2018-10-23
kr_1020180134899,dev,70737080,2018-11-06
kr_1020180135522,dev,66532191,2018-11-07
kr_1020180139140,dev,66993685,2018-11-13
kr_1020180143287,dev,70920133,2018-11-20
kr_1020180145243,dev,66633480,2018-11-22
kr_1020187002535,train,57585688,2016-06-24
kr_1020187006718,train,44352971,2011-01-12
kr_1020187007154,train,44506480,2011-02-22
kr_1020187010642,train,44306655,2010-12-28
kr_1020187013141,dev,59900321,2017-03-23
kr_1020187015558,train,47292216,2012-05-28
kr_1020187020399,train,54239843,2015-03-30
kr_1020187025452,train,55630385,2015-09-25
kr_1020187026682,dev,59685363,2017-01-25
kr_1020187026966,dev,60160484,2017-04-25
kr_1020187028562,dev,58261525,2017-01-27
kr_1020187028718,train,43221918,2011-07-22
kr_1020187031288,train,43410954,2010-06-16
kr_1020187031762,dev,59964123,2017-01-25
kr_1020187032197,train,44708582,2011-03-11
kr_1020187036818,train,44505506,2011-02-09
kr_1020187037164,dev,60411774,2017-05-23
kr_1020190015354,dev,67541026,2019-02-11
kr_1020190017299,dev,72235321,2019-02-14
kr_1020190028036,dev,68001172,2019-03-12
kr_1020190033300,dev,72883268,2019-03-25
kr_1020190036965,dev,72883827,2019-03-29
kr_1020190049135,dev,62495119,2019-04-26
kr_1020190053829,dev,73698020,2019-05-08
kr_1020190060206,dev,73441758,2019-05-22
kr_1020190082187,dev,74237434,2019-07-08
kr_1020190086926,dev,74238621,2019-07-18
kr_1020190086927,dev,74238802,2019-07-18
kr_1020190091628,dev,74560268,2019-07-29
kr_1020190092298,dev,69568628,2019-07-30
kr_1020190096885,dev,58464460,2019-08-08
kr_1020190097969,dev,74687414,2019-08-12
kr_1020190102197,dev,74647088,2019-08-21
kr_1020190106112,dev,75148036,2019-08-28
kr_1020190108609,dev,74852027,2019-09-03
kr_1020190109548,dev,72884992,2019-09-04
kr_1020190133932,dev,75916592,2019-10-25
kr_1020190143667,dev,76143033,2019-11-11
kr_1020190143800,dev,76143099,2019-11-11
kr_1020190143801,dev,76143100,2019-11-11
kr_1020190178250,dev,76687420,2019-12-30
kr_1020197000593,dev,56134336,2017-06-09
kr_1020197004052,dev,60910534,2017-06-16
kr_1020197004477,train,54239843,2015-03-30
kr_1020197004927,dev,60990097,2017-06-22
kr_1020197006238,train,46146009,2011-11-28
kr_1020197007272,test_b,kr_1020197007272,2018-02-09
kr_1020197007290,dev,63668435,2018-09-21
kr_1020197007680,dev,63668558,2018-09-21
kr_1020197010201,train,55629839,2015-09-29
kr_1020197010320,dev,61560213,2017-01-27
kr_1020197012646,dev,63792400,2017-12-27
kr_1020197013085,dev,62076824,2017-11-07
kr_1020197014604,dev,60515355,2017-11-20
kr_1020197015627,train,55630385,2015-09-25
kr_1020197017330,dev,58324662,2017-01-17
kr_1020197018446,test_b,kr_1020197018446,2018-01-16
kr_1020197018485,test_b,kr_1020197018485,2018-01-16
kr_1020197019759,test_b,kr_1020197019759,2018-01-30
kr_1020197020125,test_b,kr_1020197020125,2018-01-15
kr_1020197020301,test_b,kr_1020197020301,2018-01-16
kr_1020197020389,test_b,kr_1020197020389,2018-02-02
kr_1020197020532,test_b,kr_1020197020532,2018-01-17
kr_1020197020555,test_b,kr_1020197020555,2018-01-15
kr_1020197020856,dev,63585316,2018-01-22
kr_1020197021434,test_b,kr_1020197021434,2018-01-10
kr_1020197022046,test_b,kr_1020197022046,2018-01-30
kr_1020197022323,test_b,kr_1020197022323,2018-01-03
kr_1020197022489,test_b,kr_1020197022489,2018-01-25
kr_1020197022744,test_b,kr_1020197022744,2018-01-08
kr_1020197022815,test_b,kr_1020197022815,2018-02-13
kr_1020197022975,test_b,kr_1020197022975,2018-01-19
kr_1020197023029,test_b,kr_1020197023029,2018-01-04
kr_1020197023225,test_b,kr_1020197023225,2018-01-15
kr_1020197023241,test_b,kr_1020197023241,2018-01-29
kr_1020197023368,train,47292216,2012-05-28
kr_1020197023387,test_b,kr_1020197023387,2018-01-03
kr_1020197024048,test_b,kr_1020197024048,2018-01-11
kr_1020197024166,test_b,kr_1020197024166,2018-01-31
kr_1020197024206,test_b,kr_1020197024206,2018-01-12
kr_1020197024260,test_b,kr_1020197024260,2018-01-09
kr_1020197024430,test_b,kr_1020197024430,2018-02-05
kr_1020197024443,test_b,kr_1020197024443,2018-01-26
kr_1020197024527,test_b,kr_1020197024527,2018-01-10
kr_1020197024679,test_b,kr_1020197024679,2018-01-30
kr_1020197024771,test_b,kr_1020197024771,2018-01-29
kr_1020197024788,dev,62905681,2017-12-29
kr_1020197024883,test_b,kr_1020197024883,2018-02-05
kr_1020197025078,test_b,kr_1020197025078,2018-01-30
kr_1020197025174,test_b,kr_1020197025174,2018-01-31
kr_1020197025206,test_b,kr_1020197025206,2018-01-29
kr_1020197025385,test_b,kr_1020197025385,2018-02-07
kr_1020197025558,test_b,kr_1020197025558,2018-02-01
kr_1020197025776,test_b,kr_1020197025776,2018-02-15
kr_1020197025882,test_b,kr_1020197025882,2018-02-13
kr_1020197025901,test_b,kr_1020197025901,2018-02-06
kr_1020197026198,test_b,kr_1020197026198,2018-02-01
kr_1020197026229,test_b,kr_1020197026229,2018-02-14
kr_1020197026235,test_b,kr_1020197026235,2018-02-07
kr_1020197026436,test_b,kr_1020197026436,2018-02-15
kr_1020197026524,test_b,kr_1020197026524,2018-01-17
kr_1020197026696,test_b,kr_1020197026696,2018-01-23
kr_1020197026957,test_b,kr_1020197026957,2018-02-15
kr_1020197026972,test_b,kr_1020197026972,2018-02-16
kr_1020197027544,dev,63674584,2018-01-26
kr_1020197029036,test_b,kr_1020197029036,2018-01-23
kr_1020197029455,test_b,kr_1020197029455,2018-02-08
kr_1020197029750,test_b,kr_1020197029750,2018-02-09
kr_1020197030443,test_b,kr_1020197030443,2018-02-07
kr_1020197030493,dev,63519524,2018-03-13
kr_1020197030649,dev,63855780,2018-04-20
kr_1020197032753,test_b,kr_1020197032753,2018-01-18
kr_1020197032754,test_b,kr_1020197032754,2018-01-18
kr_1020197034040,train,48429286,2012-11-16
kr_1020197034065,test_b,kr_1020197034065,2018-01-15
kr_1020200005488,dev,71609079,2020-01-15
kr_1020200007663,dev,72884539,2020-01-21
kr_1020200012979,dev,47218635,2020-02-04
kr_1020200013638,dev,75268582,2020-02-05
kr_1020200020419,dev,63452948,2020-02-19
kr_1020200020891,dev,72335423,2020-02-20
kr_1020200023835,dev,77785110,2020-02-26
kr_1020200028585,dev,77555194,2020-03-06
kr_1020200033611,dev,72563712,2020-03-19
kr_1020200033612,dev,72564095,2020-03-19
kr_1020200036687,dev,72604805,2020-03-26
kr_1020200042810,dev,74881163,2020-04-08
kr_1020200056430,dev,73453449,2020-05-12
kr_1020200059438,dev,78700185,2020-05-19
kr_1020200063952,dev,73657193,2020-05-28
kr_1020200072226,dev,79164285,2020-06-15
kr_1020200072888,dev,73851522,2020-06-16
kr_1020200102427,dev,80494369,2020-08-14
kr_1020200104031,dev,72469382,2020-08-19
kr_1020200108773,dev,77227757,2020-08-27
kr_1020200112567,dev,80814841,2020-09-03
kr_1020200120010,dev,80935769,2020-09-17
kr_1020200128163,dev,81187907,2020-10-05
kr_1020200137710,dev,81194892,2020-10-22
kr_1020200139297,dev,81382798,2020-10-26
kr_1020200139988,dev,81583919,2020-10-27
kr_1020200151519,dev,81801344,2020-11-13
kr_1020200157687,dev,42311122,2020-11-23
kr_1020200161939,dev,81755191,2020-11-27
kr_1020200168702,dev,81984078,2020-12-04
kr_1020200171312,dev,68112664,2020-12-09
kr_1020200172939,dev,76383459,2020-12-11
kr_1020200177277,dev,76546661,2020-12-17
kr_1020200178278,dev,82247012,2020-12-18
kr_1020200178933,dev,82247316,2020-12-18
kr_1020200181250,dev,82270148,2020-12-22
kr_1020200184413,dev,82400131,2020-12-28
kr_1020207004337,train,43221918,2011-07-22
kr_1020207008637,dev,65436821,2018-08-29
kr_1020207009231,dev,59964123,2017-01-25
kr_1020207012411,test_b,kr_1020207012411,2018-01-05
kr_1020207013364,test_b,kr_1020207013364,2018-01-22
kr_1020207019435,test_b,kr_1020207019435,2018-02-06
kr_1020207019867,train,50487850,2013-10-16
kr_1020207020459,dev,67299159,2019-01-15
kr_1020207025987,train,50730851,2013-11-08
kr_1020207030080,dev,68061153,2018-11-21
kr_1020207030483,dev,66589532,2019-05-14
kr_1020207031638,train,55629839,2015-09-29
kr_1020207031663,train,43221918,2011-07-22
kr_1020207032427,dev,68239586,2019-04-08
kr_1020210014380,dev,82844609,2021-02-01
kr_1020210016121,dev,46544097,2021-02-04
kr_1020210016843,dev,82704725,2021-02-05
kr_1020210025405,dev,77569623,2021-02-25
kr_1020210027559,dev,75148699,2021-03-02
kr_1020210032157,dev,78476879,2021-03-11
kr_1020210036702,dev,77575663,2021-03-22
kr_1020210047896,dev,51221643,2021-04-13
kr_1020210052409,dev,83668466,2021-04-22
kr_1020210060607,dev,84029254,2021-05-11
kr_1020210061196,dev,84029316,2021-05-12
kr_1020210061355,dev,84233628,2021-05-12
kr_1020210062496,dev,76145701,2021-05-14
kr_1020210070651,dev,84436991,2021-06-01
kr_1020210070764,dev,84441135,2021-05-31
kr_1020210080570,dev,84539632,2021-06-22
kr_1020210083421,dev,84924625,2021-06-25
kr_1020210088952,dev,83804038,2021-07-07
kr_1020210093185,dev,85110485,2021-07-16
kr_1020210093636,dev,79292747,2021-07-16
kr_1020210095718,dev,85106019,2021-07-21
kr_1020210095844,test,85106134,2021-07-21
kr_1020210107301,test,81898296,2021-08-13
kr_1020210110925,test,66442138,2021-08-23
kr_1020210116713,test,85411487,2021-09-02
kr_1020210119619,test,85642067,2021-09-08
kr_1020210130288,test,85718740,2021-09-30
kr_1020210133766,test,86128237,2021-10-08
kr_1020210138966,test,83049858,2021-10-19
kr_1020210140518,test,85982979,2021-10-20
kr_1020210143248,test,86380005,2021-10-26
kr_1020210146505,test,86145871,2021-10-29
kr_1020210147975,test,86386583,2021-11-01
kr_1020210152113,test,86229072,2021-11-08
kr_1020210155157,test,85512715,2021-11-11
kr_1020210161493,test,84330425,2021-11-22
kr_1020210165398,test,86540157,2021-11-26
kr_1020210177792,test,82257733,2021-12-13
kr_1020210182856,test,82022293,2021-12-20
kr_1020210184131,test,86994432,2021-12-21
kr_1020210185330,test,86903046,2021-12-22
kr_1020210185331,test,86903403,2021-12-22
kr_1020210189544,test,87159144,2021-12-28
kr_1020210191944,test,87154321,2021-12-30
kr_1020217000822,dev,60990097,2017-06-22
kr_1020217001907,dev,66060257,2018-11-22
kr_1020217006655,dev,69949658,2019-09-10
kr_1020217007469,dev,63715117,2019-08-21
kr_1020217008043,dev,63715322,2019-08-21
kr_1020217010871,dev,70387531,2019-10-01
kr_1020217012232,test_b,kr_1020217012232,2018-01-29
kr_1020217013598,dev,70612179,2019-10-31
kr_1020217016227,train,49322431,2014-06-11
kr_1020217016432,dev,67027216,2019-02-11
kr_1020217018197,dev,70726515,2019-11-19
kr_1020217020635,dev,72427493,2020-03-06
kr_1020217021809,test_b,kr_1020217021809,2018-01-17
kr_1020217028896,dev,72144853,2020-02-10
kr_1020217030499,test_b,kr_1020217030499,2018-01-10
kr_1020217033169,test_b,kr_1020217033169,2018-02-15
kr_1020217033219,test_b,kr_1020217033219,2018-02-15
kr_1020217034440,test_b,kr_1020217034440,2018-01-29
kr_1020217037959,test_b,kr_1020217037959,2018-01-15
kr_1020217039099,dev,73029192,2020-04-16
kr_1020220000603,test,86766414,2022-01-03
kr_1020220007101,test,82166489,2022-01-18
kr_1020220016306,test,87848660,2022-02-08
kr_1020220022728,test,83114397,2022-02-22
kr_1020220028713,test,80683041,2022-03-07
kr_1020220029544,dev,75268582,2022-03-08
kr_1020220032801,test,50682116,2022-03-16
kr_1020220035211,test,86959987,2022-03-22
kr_1020220040228,test,88292077,2022-03-31
kr_1020220040319,test,86946782,2022-03-31
kr_1020220049545,test,83803202,2022-04-21
kr_1020220051409,test,60543371,2022-04-26
kr_1020220054432,test,87185372,2022-05-02
kr_1020220058952,test,86264433,2022-05-13
kr_1020220064047,test,89165153,2022-05-25
kr_1020220068598,test,89167127,2022-06-07
kr_1020220070200,test,89118515,2022-06-09
kr_1020220070973,test,89385666,2022-06-10
kr_1020220071830,test,57398993,2022-06-14
kr_1020220078082,test,87800298,2022-06-27
kr_1020220081522,test,89538587,2022-07-01
kr_1020220082912,test,89542910,2022-07-06
kr_1020220088448,test,54556574,2022-07-18
kr_1020220088487,test,89510358,2022-07-18
kr_1020220090397,test,88191875,2022-07-21
kr_1020220093814,test,87572075,2022-07-28
kr_1020220094842,test,89858864,2022-07-29
kr_1020220096718,test,62021826,2022-08-03
kr_1020220102892,test,86380317,2022-08-17
kr_1020220105089,test,89320438,2022-08-22
kr_1020220108141,test,90271931,2022-08-29
kr_1020220108217,test,90272208,2022-08-29
kr_1020220109139,test,60812864,2022-08-30
kr_1020220116516,test,64744225,2022-09-15
kr_1020220124154,test,90714491,2022-09-29
kr_1020220125423,test,67809388,2022-09-30
kr_1020220126988,test,90715904,2022-10-05
kr_1020220127403,test,90608522,2022-10-05
kr_1020220129293,test,85994352,2022-10-11
kr_1020220132224,test,90626831,2022-10-14
kr_1020220136797,test,90884753,2022-10-21
kr_1020220138139,test,91077865,2022-10-25
kr_1020220140239,test,86756043,2022-10-27
kr_1020220141666,test,91074156,2022-10-28
kr_1020220149234,test,91331765,2022-11-10
kr_1020220151527,test,91320480,2022-11-14
kr_1020220153565,test,91496109,2022-11-16
kr_1020220159155,test,73466377,2022-11-24
kr_1020220159439,test,91330251,2022-11-24
kr_1020220159949,test,91496079,2022-11-25
kr_1020220162358,test,91324178,2022-11-29
kr_1020220165419,test,91482221,2022-12-01
kr_1020220168603,test,91480988,2022-12-06
kr_1020220174995,test,91712078,2022-12-14
kr_1020220178832,test,91713584,2022-12-20
kr_1020220181032,test,83023626,2022-12-21
kr_1020220184198,test,91900116,2022-12-26
kr_1020220186973,test,91289412,2022-12-28
kr_1020227000243,train,52690238,2014-09-25
kr_1020227002678,dev,71841000,2020-01-23
kr_1020227005491,dev,66816220,2018-12-18
kr_1020227007112,dev,75166612,2020-09-01
kr_1020227008278,dev,62626567,2017-12-19
kr_1020227011425,dev,74665119,2020-08-06
kr_1020227013143,dev,68061259,2019-02-26
kr_1020227013596,dev,75165789,2020-09-24
kr_1020227018923,dev,69063242,2020-11-10
kr_1020227018924,dev,69063210,2020-11-10
kr_1020227019461,dev,76431618,2020-12-07
kr_1020227020192,dev,69063183,2020-11-10
kr_1020227020206,dev,69063337,2020-11-10
kr_1020227020208,dev,69063329,2020-11-13
kr_1020227021807,dev,69005483,2020-12-17
kr_1020227026505,dev,76334485,2021-07-21
kr_1020227026989,dev,74003816,2020-12-21
kr_1020227033504,dev,77490227,2021-02-25
kr_1020227033671,dev,77490415,2021-02-23
kr_1020227045907,test,80248126,2021-08-10
kr_1020227046130,dev,78817118,2021-04-14
kr_1020230002916,test,91713661,2023-01-09
kr_1020230004768,test,92173840,2023-01-12
kr_1020230016301,test,54141536,2023-02-07
kr_1020230016534,test,92586413,2023-02-08
kr_1020230018953,test,92592154,2023-02-13
kr_1020230020235,test,92546390,2023-02-15
kr_1020230022864,test,92591984,2023-02-21
kr_1020230026883,test,92759745,2023-02-28
kr_1020230029510,test,92758938,2023-03-06
kr_1020230029864,test,88014060,2023-03-07
kr_1020230031770,dev,62495119,2023-03-10
kr_1020230033862,test,92924737,2023-03-15
kr_1020230035783,test,92913141,2023-03-20
kr_1020230040434,test,93115446,2023-03-28
kr_1020230041154,test,93114055,2023-03-29
kr_1020230042365,dev,77785110,2023-03-30
kr_1020230042595,test,90667105,2023-03-31
kr_1020230048661,test,88477324,2023-04-13
kr_1020230049774,test,93287277,2023-04-17
kr_1020230052756,test,60035014,2023-04-21
kr_1020230053273,test,68096452,2023-04-24
kr_1020230057845,test,54069744,2023-05-03
kr_1020230062221,test,60320531,2023-05-15
kr_1020230067050,test,93847044,2023-05-24
kr_1020230075365,test,94038403,2023-06-13
kr_1020230076349,test,94078550,2023-06-14
kr_1020230077383,test,94082698,2023-06-16
kr_1020230079681,test,91803953,2023-06-21
kr_1020230079932,test,93929160,2023-06-21
kr_1020230082032,test,53400797,2023-06-26
kr_1020230084204,dev,75268582,2023-06-29
kr_1020230090842,test,94390531,2023-07-13
kr_1020230091931,test,94390515,2023-07-14
kr_1020230097348,test,94604724,2023-07-26
kr_1020230097427,test,94375584,2023-07-26
kr_1020230098794,test,94395503,2023-07-28
kr_1020230098927,test,94395501,2023-07-28
kr_1020230099012,test,94604586,2023-07-28
kr_1020230103673,test,60659828,2023-08-08
kr_1020230112734,test,94972966,2023-08-28
kr_1020230113502,test,64480341,2023-08-29
kr_1020230116334,test,95020419,2023-09-01
kr_1020230117117,test,94764726,2023-09-04
kr_1020230119422,test,95199545,2023-09-08
kr_1020230125209,test,95199879,2023-09-20
kr_1020230126394,test,95197287,2023-09-21
kr_1020230126396,test,95197352,2023-09-21
kr_1020230130266,test,50682116,2023-09-27
kr_1020230132220,test,95477690,2023-10-05
kr_1020230135039,test,95579274,2023-10-11
kr_1020230137917,test,86568612,2023-10-16
kr_1020230142437,test,95579936,2023-10-23
kr_1020230144640,test,62780285,2023-10-26
kr_1020230144997,test,95709342,2023-10-26
kr_1020230148033,test,88190082,2023-10-31
kr_1020230154619,test,90943474,2023-11-09
kr_1020230156865,test,95931178,2023-11-14
kr_1020230157583,test,92768944,2023-11-14
kr_1020230157930,test,95661361,2023-11-15
kr_1020230159246,test,54769100,2023-11-16
kr_1020230160107,test,54556574,2023-11-20
kr_1020230165016,test,96017715,2023-11-24
kr_1020230169126,test,95897431,2023-11-29
kr_1020230169844,test,66776125,2023-11-29
kr_1020230170635,test,96019213,2023-11-30
kr_1020230171131,test,95801046,2023-11-30
kr_1020230172792,test,96011770,2023-12-01
kr_1020230182252,test,96057563,2023-12-14
kr_1020230182264,test,96057521,2023-12-14
kr_1020237004782,dev,79172484,2021-07-12
kr_1020237006884,dev,80036020,2021-07-06
kr_1020237007317,dev,69772357,2019-09-10
kr_1020237011834,test,81208175,2021-10-08
kr_1020237011836,test,81208185,2021-10-08
kr_1020237019504,dev,83998799,2021-06-30
kr_1020237024637,test,82022289,2021-12-16
kr_1020237025134,test,81254764,2021-12-23
kr_1020237033439,dev,64456121,2018-05-30
kr_1020237035565,test_b,kr_1020237035565,2018-01-26
kr_1020237038547,test,83723472,2021-08-06
kr_1020237038835,test,77233172,2022-03-26
kr_1020237039162,test,83723148,2022-04-21
kr_1020237040905,test_b,kr_1020237040905,2018-01-10
kr_1020237042183,test,83998532,2022-05-11
kr_1020237043405,test,84104464,2022-05-20
kr_1020237043941,test,82799883,2022-07-01
kr_1020237044302,test,85044394,2022-07-14
kr_1020240000644,test,90925267,2024-01-03
kr_1020240000652,test,96300495,2024-01-03
kr_1020240005914,test,96580736,2024-01-15
kr_1020240015845,test,56551267,2024-02-01
kr_1020240017286,test,96733749,2024-02-05
kr_1020240025544,test,92586804,2024-02-22
kr_1020240031783,test,57683418,2024-03-06
kr_1020240033495,test,97221769,2024-03-08
kr_1020240033684,test,81756035,2024-03-11
kr_1020240043473,test,88019726,2024-03-29
kr_1020240044126,test,97376275,2024-04-01
kr_1020240046000,test,60941009,2024-04-04
kr_1020240054540,test,93286576,2024-04-24
kr_1020240055852,test,61159319,2024-04-26
kr_1020240058966,test,93460000,2024-05-03
kr_1020240064595,test,97877721,2024-05-17
kr_1020240065248,test,98056206,2024-05-20
kr_1020240069903,test,98054790,2024-05-29
kr_1020240071155,test,98052705,2024-05-30
kr_1020240075348,test,98265593,2024-06-10
kr_1020240086074,test,52792999,2024-07-01
kr_1020240094353,test,97349095,2024-07-17
kr_1020240094354,test,97349052,2024-07-17
kr_1020240101083,test,95604360,2024-07-30
kr_1020240117203,test,99063017,2024-08-29
kr_1020240125457,test,92459095,2024-09-13
kr_1020240144922,test,self:kr_1020240144922,2024-10-22
kr_1020240145293,test,self:kr_1020240145293,2024-10-22
kr_1020240147227,test,74087757,2024-10-25
kr_1020240159937,test,59631180,2024-11-12
kr_1020240179836,test,96227156,2024-12-05
kr_1020240191295,test,98214454,2024-12-19
kr_1020247003070,test,86611823,2022-09-26
kr_1020247005317,test,84890961,2022-06-16
kr_1020247007967,test,86902635,2022-12-21
kr_1020247011010,test,87471332,2023-01-16
kr_1020247018636,test,86241072,2022-10-28
kr_1020247029100,test,87431382,2023-01-06
kr_1020250052273,test,97751088,2025-04-22
kr_1020257006681,test,89769489,2023-08-04
kr_1020257012412,test,90244361,2023-09-18
kr_1020257021972,test,91379897,2023-10-23
