idx,list_company_name,detail_url,logo_url,대표자,업체구분,업체명(국문),업체명(영문),웹사이트,전화번호,팩스,scrape_error
2743,SK키파운드리,https://www.ksia.or.kr:443/ajax/ajax_member_c_info.php?idx=2743,https://www.ksia.or.kr:443/data/directory/2026/8krNJoe5_logo_3758601800_1ffb23c8e9eff093fd54cb3e814ec7066aa1f7f1.png,이동재,소자/파운드리업체,SK키파운드리,SK keyfoundry,https://www.skkeyfoundry.com/,(본사) 043-718-4114                    (공장) 043-718-4114                    (연구소) 043-718-2833,043-718-2260,
2285,SK하이닉스㈜,https://www.ksia.or.kr:443/ajax/ajax_member_c_info.php?idx=2285,https://www.ksia.or.kr:443/data/directory/2024/eHFz6Klp_logo_1268103725_e67bac5281c54acc467be052a2e1260797210d3d.jpg,곽노정,소자/파운드리업체,SK하이닉스㈜,"SK hynix co., ltd.",www.skhynix.com,(본사) 82-31-5185-4114,82-31-630-4103,
2351,㈜DB하이텍,https://www.ksia.or.kr:443/ajax/ajax_member_c_info.php?idx=2351,https://www.ksia.or.kr:443/data/directory,조기석,소자/파운드리업체,㈜DB하이텍,"DB HiTek Co., Ltd.",http://www.dbhitek.com/kr,(본사) 82-32-680-4700                    (공장) 82-43-879-5000,82-32-680-4800,
2797,매그나칩반도체 유한회사,https://www.ksia.or.kr:443/ajax/ajax_member_c_info.php?idx=2797,https://www.ksia.or.kr:443/data/directory/2026/aQC8yHRA_logo_301-81-76611_a129610a82762902ba34465b528f034dbd0de994.jpg,Camilo Martino,소자/파운드리업체,매그나칩반도체 유한회사,Magnachip Semiconductor Ltd.,https://www.magnachip.com/,(본사) 0437177500                    (공장) 0437177500                    (연구소) 0437177500,043-717-7525,
2284,삼성전자㈜,https://www.ksia.or.kr:443/ajax/ajax_member_c_info.php?idx=2284,https://www.ksia.or.kr:443/data/directory/2024/A3wcOD8V_logo_1248100998_492575518f2db56a3f7eaa95a6379ab1c317ac04.jpg,한종희/전영현,소자/파운드리업체,삼성전자㈜,Samsung Electronics Co. Ltd - Device Solutions,https://semiconductor.samsung.com/kr,(본사) 82-31-209-9994,82-02-2255-6005,
2546,세미로드,https://www.ksia.or.kr:443/ajax/ajax_member_c_info.php?idx=2546,https://www.ksia.or.kr:443/data/directory/2025/rxuqyc6t_logo_1108177163_0c3e112f3b12ca5cffcc8638f1330cd67852a3d9.jpg,김홍성,소자/파운드리업체,세미로드,semiroad,http://www.semiroad.co.kr/,(본사) 031-949-1590                    (공장) 031-949-1590                    (연구소) 031-949-1590,031-949-1594,
2276,에이프로세미콘,https://www.ksia.or.kr:443/ajax/ajax_member_c_info.php?idx=2276,https://www.ksia.or.kr:443/data/directory/2024/Nl32T46G_logo_8918801548_72ffafd900740d4ab94abb47c10d51a5952dbc57.png,임종현,소자/파운드리업체,에이프로세미콘,A-PRO Semicon,aprosemicon.com,(본사) 062-973-4001                          (연구소) 062-973-4001,062-972-4001,
2825,온세미컨덕터코리아㈜,https://www.ksia.or.kr:443/ajax/ajax_member_c_info.php?idx=2825,https://www.ksia.or.kr:443/data/directory/2026/CqtNgE4G_logo_1308158122_fad782bccac3cea5693990c46ff367be91f721f3.png,"이태종 , LIMING WANG",소자/파운드리업체,온세미컨덕터코리아㈜,onsemi,www.onsemi.com,(본사) 82-32-680-1114,82-32-680-1029,
2754,주식회사 케이이씨,https://www.ksia.or.kr:443/ajax/ajax_member_c_info.php?idx=2754,https://www.ksia.or.kr:443/data/directory/2026/pa05Au2c_logo_1198191880_55d9ef9fe2dd4edcca3d132407246f20c345883a.JPG,배석홍,소자/파운드리업체,주식회사 케이이씨,KEC CORPORATION,https://www.kec.co.kr,(본사) 82-2-2025-5000                    (공장) 82-54-467-3000                    (연구소) 82-2-2025-5000,82-2-527-4170,
2280,주식회사 티에프이,https://www.ksia.or.kr:443/ajax/ajax_member_c_info.php?idx=2280,https://www.ksia.or.kr:443/data/directory/2024/DpqhH0eA_logo_122-81-79714_577b1d11a83391b9c0e8390573341f694dac67c4.png,문성주,소자/파운드리업체,주식회사 티에프이,"TFE Co.,Ltd",www.tfe.co.kr,(본사) 031-206-0541                    (공장) 031-898-6945                    (연구소) 031-206-0541,031-206-0543,
2723,(주)네패스,https://www.ksia.or.kr:443/ajax/ajax_member_c_info.php?idx=2723,https://www.ksia.or.kr:443/data/directory/2026/LqrelXmg_logo_3038105198_1b970ffbad50752866f7660adc0aa24db5a2c280.png,이병구,테스트/패키징업체,(주)네패스,nepes corporation,www.nepes.co.kr,(본사) 043) 877-3040                    (공장) 043) 240-0500                    (연구소) 043) 877-3040,043) 879-3043,
2806,(주)쿨마이크로,https://www.ksia.or.kr:443/ajax/ajax_member_c_info.php?idx=2806,https://www.ksia.or.kr:443/data/directory/2026/yQd5OPEF_logo_5518802523_d5d6e9cae2e59733960fdb459ce316a12f8cd9a1.ai,임윤혁,테스트/패키징업체,(주)쿨마이크로,"KoolMicro, Inc.",https://www.koolmicro.com,(본사) 0427210214                          (연구소) 0313756735,0315461590,
2732,(주)파트론,https://www.ksia.or.kr:443/ajax/ajax_member_c_info.php?idx=2732,https://www.ksia.or.kr:443/data/directory/2026/PaE6GCmo_logo_1248605362_9bdd3cc1cb28be9754c36d93571448f03676e7be.jpg,김원근,테스트/패키징업체,(주)파트론,"PARTRON Co.,Ltd",http://www.partron.co.kr,(본사) 0312017700                          (연구소) 0312017700,0312017800,
2599,㈜ 피엔에스,https://www.ksia.or.kr:443/ajax/ajax_member_c_info.php?idx=2599,https://www.ksia.or.kr:443/data/directory/2025/ZVYKQ7q4_logo_134-86-40333_065d742e8b6a4c649e818cf7922757a2496c7652.bmp,김대우,테스트/패키징업체,㈜ 피엔에스,PNS,www.pnscerti.com,(본사) 031-461-4578                          (연구소) 031-687-8283,031-461-4577,
2399,㈜두산테스나,https://www.ksia.or.kr:443/ajax/ajax_member_c_info.php?idx=2399,https://www.ksia.or.kr:443/data/directory,이종도,테스트/패키징업체,㈜두산테스나,TESNA INC.,http://www.doosan-tesna.co.kr,(본사) 82-31-646-8500                    (공장) 82-31-646-8500                    (연구소) 82-31-646-8500,82-70-4015-6488,
2175,㈜루켄테크놀러지스,https://www.ksia.or.kr:443/ajax/ajax_member_c_info.php?idx=2175,https://www.ksia.or.kr:443/data/directory/2024/vLXC1zt2_logo_1248659494_d44a9a54098aaeb3f19a88d4d53821c6e350b97a.jpg,안윤태,테스트/패키징업체,㈜루켄테크놀러지스,"LUKEN Technologies Co,.Ltd.",http://www.luken.co.kr,(본사) 82-31-366-1853                    (공장) 82-31-366-1853                    (연구소) 82-31-366-1853,82-31-337-1854,
2571,주식회사 에이아이웍스(AIWORKX Inc.),https://www.ksia.or.kr:443/ajax/ajax_member_c_info.php?idx=2571,https://www.ksia.or.kr:443/data/directory/2025/pwvUWbf0_logo_5178800087_6f8e6622a6af1a548916eae5b76e01235d7cd7b1.png,윤석원,테스트/패키징업체,주식회사 에이아이웍스(AIWORKX Inc.),AIWORKX Inc.,https://www.testworks.co.kr/,(본사) 02-423-5178                    (공장) 02-423-5178                    (연구소) 02-423-5178,02-424-5178,
2263,주식회사 에이티세미콘,https://www.ksia.or.kr:443/ajax/ajax_member_c_info.php?idx=2263,https://www.ksia.or.kr:443/data/directory/2024/McigLIKZ_logo_1268155539_ed2671cb86e80ab3f56dd8a98f0dd5e67afe7208.jpg,김소정,테스트/패키징업체,주식회사 에이티세미콘,"AT semicon Co.,Ltd.",www.atsemi.com,(본사) 82-70-8802-9358                    (공장) 82-70-8802-9358,82-70-7950-3334,
2354,큐알티 주식회사,https://www.ksia.or.kr:443/ajax/ajax_member_c_info.php?idx=2354,https://www.ksia.or.kr:443/data/directory,김영부,테스트/패키징업체,큐알티 주식회사,QRT Inc.,www.qrtkr.com,(본사) 82-31-8094-8251,82-31-8094-8240,
2766,하나마이크론㈜,https://www.ksia.or.kr:443/ajax/ajax_member_c_info.php?idx=2766,https://www.ksia.or.kr:443/data/directory/2026/t0e9yCQk_logo_3128150630_95b9e24a100886d06f3c4da68587455b942df83e.png,이동철,테스트/패키징업체,하나마이크론㈜,"HANA Micron, Inc.",www.hanamicron.com,(본사) 82-41-423-7777                    (공장) 82-41-423-7777                    (연구소) 82-31-698-9009,82-41-423-7772,
2759,(주)4링크스,https://www.ksia.or.kr:443/ajax/ajax_member_c_info.php?idx=2759,https://www.ksia.or.kr:443/data/directory/2026/NA8nW7gh_logo_1478100633_5a4e61b2a1263e51231c308fcb3030c4d146afac.png,김 욱,설계업체,(주)4링크스,"4lynx, Inc.",4lynx.kr,(본사) 0317561394                          (연구소) 0317561394,0317561394,
2502,(주)가산기술,https://www.ksia.or.kr:443/ajax/ajax_member_c_info.php?idx=2502,https://www.ksia.or.kr:443/data/directory/2024/6xOMCf28_logo_814-87-02048_c259f90350e58d835e735f65dedca4dda391d85b.jpg,배점한,설계업체,(주)가산기술,"Kasan Technology Co., Ltd.",http://kasantech.com,(본사) 031-753-3200                    (공장) 031-753-3200                    (연구소) 031-753-3200,031-753-3201,
2293,(주)비트리,https://www.ksia.or.kr:443/ajax/ajax_member_c_info.php?idx=2293,https://www.ksia.or.kr:443/data/directory/2024/XWhGjQuL_logo_1448124771_44964fd2f2ef16d51c77f869232ea925a88b7951.png,김종필,설계업체,(주)비트리,"BTREE Co., Ltd.",www.btree.co.kr,(본사) 031-731-8175                          (연구소) 031-731-8175,031-696-6840,
2141,(주)싱스웰,https://www.ksia.or.kr:443/ajax/ajax_member_c_info.php?idx=2141,https://www.ksia.or.kr:443/data/directory/2024/0YvKo3RS_logo_5068600986_487f3e8eb17f93a0a94bfbb1709f9e5f7082a3e2.png,이학준,설계업체,(주)싱스웰,ThingsWell  Inc.,http://www.thingswell.co.kr/,(본사) 031-689-5958                    (공장) 031-689-5958                    (연구소) 031-689-5958,070-8280-7758,
2836,(주)쎄미하우,https://www.ksia.or.kr:443/ajax/ajax_member_c_info.php?idx=2836,https://www.ksia.or.kr:443/data/directory/2026/Ve4REvdu_logo_1308189630_2178b6f8497f65bd47f227b696fc7a932638da1c.png,"현봉호, 최필진",설계업체,(주)쎄미하우,SemiHow,www.semihow.com,(본사) 032-329-1235                          (연구소) 032-329-1235,032-329-1238,
2833,(주)에임퓨처,https://www.ksia.or.kr:443/ajax/ajax_member_c_info.php?idx=2833,https://www.ksia.or.kr:443/data/directory/2026/sGe2np14_logo_5478602189_a316bf4ee5b5b898f508e290f7ce75d7bcab4645.png,김창수,설계업체,(주)에임퓨처,AimFuture Inc.,aimfuture.ai,(본사) 02-6953-2893                          (연구소) 02-6953-2893,02-2135-6812,
2837,LG전자㈜,https://www.ksia.or.kr:443/ajax/ajax_member_c_info.php?idx=2837,https://www.ksia.or.kr:443/data/directory/2026/LnVrbq5D_logo_1078614075_e0a9da703fad042b4f3ebd9cae6c7da0d007e45a.JPG,류재철,설계업체,LG전자㈜,LG Electronics,www.lge.co.kr,(본사) 82-2-3777-1114                          (연구소) 82-2-6912-8383,82-2-3777-1114,
2176,㈜LX세미콘,https://www.ksia.or.kr:443/ajax/ajax_member_c_info.php?idx=2176,https://www.ksia.or.kr:443/data/directory/2024/vkPXVjCG_logo_3148129147_397ea25d779b1b70d7f2837327e7b80f2a7cf299.jpg,이윤태,설계업체,㈜LX세미콘,"LX Semicon Co., Ltd.",www.lxsemicon.com,(본사) 82-2-6924-3114,-,
2700,㈜가온칩스,https://www.ksia.or.kr:443/ajax/ajax_member_c_info.php?idx=2700,https://www.ksia.or.kr:443/data/directory/2026/z9eVboBn_logo_1148104023_da443459056ec3e18a14a051ac669c4bb1605d70.png,정규동,설계업체,㈜가온칩스,GAONCHIPS,www.gaonchips.com,(본사) 031-697-8267                          (연구소) 031-697-8267,031-702-7023,
2328,㈜글로벌브릿지,https://www.ksia.or.kr:443/ajax/ajax_member_c_info.php?idx=2328,https://www.ksia.or.kr:443/data/directory,홍윤국,설계업체,㈜글로벌브릿지,GLOBALBRIDGE.CO.LTD,globalbridge.co.kr,(본사) 82-32-715-8337                    (공장) 82-32-715-8337                    (연구소) 82-32-715-8337,070-4333-7712,
2588,㈜넥스트칩,https://www.ksia.or.kr:443/ajax/ajax_member_c_info.php?idx=2588,https://www.ksia.or.kr:443/data/directory/2025/gmUIBESA_logo_3398601497_3097fa9c59cbca460cc2b24bb5ee3b0a4d749d72.jpg,김경수,설계업체,㈜넥스트칩,"NEXTCHIP Co., Ltd.",www.nextchip.com,(본사) 02-3460-4780                           (연구소) 02-3460-4771,070-8270-7000,
2331,㈜노블디자인,https://www.ksia.or.kr:443/ajax/ajax_member_c_info.php?idx=2331,https://www.ksia.or.kr:443/data/directory,,설계업체,㈜노블디자인,"Novel Design Co., Ltd.",www.noveldesign.co.kr,(본사) 82-31-889-3461,82-31-897-3461,
2630,㈜동운아나텍,https://www.ksia.or.kr:443/ajax/ajax_member_c_info.php?idx=2630,https://www.ksia.or.kr:443/data/directory/2025/5Atzrlxs_logo_2148792814_44d041be30731feb3bcfb8bc5617d99140216846.jpg,김동철,설계업체,㈜동운아나텍,"Dongwoon Anatech Co.,Ltd.",www.dwanatech.com,(본사) 82-2-3465-8765                          (연구소) 82-2-3465-8700,82-2-3465-8766,
2266,㈜라닉스,https://www.ksia.or.kr:443/ajax/ajax_member_c_info.php?idx=2266,https://www.ksia.or.kr:443/data/directory/2024/ji0rSzCP_logo_1298165851_61c0aa21e4d546690405457e717cacdd60d62973.png,최승욱,설계업체,㈜라닉스,RANIX Inc.,www.ranix.co.kr,(본사) 82-2-584-5516                          (연구소) 82-2-584-5516,82-2-584-5528,
2398,㈜라온텍,https://www.ksia.or.kr:443/ajax/ajax_member_c_info.php?idx=2398,https://www.ksia.or.kr:443/data/directory,김보은,설계업체,㈜라온텍,"RAONTECH.,Inc.",www.RAON.io,(본사) 82-31-786-4633                          (연구소) 82-31-786-4633,82-31-719-4506,
2781,㈜레오엘에스아이,https://www.ksia.or.kr:443/ajax/ajax_member_c_info.php?idx=2781,https://www.ksia.or.kr:443/data/directory/2026/RveNHXmU_logo_2148811633_449f430c59ada98ba15c39460fc7bf340ff8463b.jpg,허승훈,설계업체,㈜레오엘에스아이,LeoLSI,www.leolsi.com,(본사) 82-2-581-5510                          (연구소) 82-2-581-5510,82-2-581-5509,
2205,㈜메타씨앤아이,https://www.ksia.or.kr:443/ajax/ajax_member_c_info.php?idx=2205,https://www.ksia.or.kr:443/data/directory/2024/oc87k9ag_logo_1818701309_6c5a24246d7e3e89083a70147d6868873dd5f870.png,정민철,설계업체,㈜메타씨앤아이,"MetaCNI Co., Ltd.",www.metacni.com,(본사) 02-6949-0708                          (연구소) 02-6949-0708,02-6949-0709,
2297,㈜사피엔반도체,https://www.ksia.or.kr:443/ajax/ajax_member_c_info.php?idx=2297,https://www.ksia.or.kr:443/data/directory,이명희,설계업체,㈜사피엔반도체,SAPIEN Semiconductors Inc.,www.sapien-semicon.com,(본사) 031) 623- 4950,0,
2776,㈜실리콘마이터스,https://www.ksia.or.kr:443/ajax/ajax_member_c_info.php?idx=2776,https://www.ksia.or.kr:443/data/directory/2026/iUdIuqRG_logo_2068613733_b290d467f21471de2d6a336ef82580bb2b0bfb01.png,허염,설계업체,㈜실리콘마이터스,Silicon Mitus Inc.,www.siliconmitus.com,(본사) 82-1670-7665,82-70-7882-9210,
2777,㈜실리콘마이터스,https://www.ksia.or.kr:443/ajax/ajax_member_c_info.php?idx=2777,https://www.ksia.or.kr:443/data/directory/2026/iUdIuqRG_logo_2068613733_b290d467f21471de2d6a336ef82580bb2b0bfb01.png,허염,설계업체,㈜실리콘마이터스,Silicon Mitus Inc.,www.siliconmitus.com,(본사) 82-1670-7665,82-70-7882-9210,
2299,㈜실리콘아츠,https://www.ksia.or.kr:443/ajax/ajax_member_c_info.php?idx=2299,https://www.ksia.or.kr:443/data/directory,윤형민,설계업체,㈜실리콘아츠,"Siliconarts, Inc.",www.siliconarts.com,(본사) 02-470-2829,02-6008-1991,
2761,㈜아이씨티케이,https://www.ksia.or.kr:443/ajax/ajax_member_c_info.php?idx=2761,https://www.ksia.or.kr:443/data/directory/2026/8CwapjST_logo_6498700830_1a846174fcb90dd35e09b336becda16d24f40c55.png,이정원,설계업체,㈜아이씨티케이,"ICTK Co., Ltd.",www.ictk.com,(본사) 82-2-569-0010,82-2-569-0112,
2785,㈜아이언디바이스,https://www.ksia.or.kr:443/ajax/ajax_member_c_info.php?idx=2785,https://www.ksia.or.kr:443/data/directory/2026/vKzykRfc_logo_2118812569_0bed209e9c214fb36783be787ba94eec73022992.png,박기태,설계업체,㈜아이언디바이스,Iron Device Corporation,www.irondevice.com,(본사) 02-541-2896                          (연구소) 02-541-2896,0505-541-2896,
2652,㈜알파칩스,https://www.ksia.or.kr:443/ajax/ajax_member_c_info.php?idx=2652,https://www.ksia.or.kr:443/data/directory,김종인,설계업체,㈜알파칩스,alphachips,http://www.alphachips.co.kr,(본사) 031-603-0800,031-603-0898,
2306,㈜에스앤에스티코리아,https://www.ksia.or.kr:443/ajax/ajax_member_c_info.php?idx=2306,https://www.ksia.or.kr:443/data/directory,김희석,설계업체,㈜에스앤에스티코리아,"SNSTKOREA Co. , Ltd",www.snstfinger.com,(본사) 82-31-305-5250,82-2-6442-1340,
2371,㈜에이디칩스,https://www.ksia.or.kr:443/ajax/ajax_member_c_info.php?idx=2371,https://www.ksia.or.kr:443/data/directory,김미선,설계업체,㈜에이디칩스,"Advanced Digital Chips, Inc",www.adc.co.kr,(본사) 82-070-4044-1400,82-070-8652-1034,
2356,㈜에이디테크놀로지,https://www.ksia.or.kr:443/ajax/ajax_member_c_info.php?idx=2356,https://www.ksia.or.kr:443/data/directory,김준석,설계업체,㈜에이디테크놀로지,"ADTECHNOLOGY CO., LTD",www.adtek.co.kr,(본사) 82-31-219-9700,82-31-216-9526,
2154,㈜에이직랜드,https://www.ksia.or.kr:443/ajax/ajax_member_c_info.php?idx=2154,https://www.ksia.or.kr:443/data/directory/2024/XbtIJQ5F_logo_4278800445_7d6eafe941e1fa25a7db113cd84e5ac5c745b1d9.png,이 종 민,설계업체,㈜에이직랜드,"ASICLAND Co.,Ltd",www.asicland.com,(본사) 031-212-1984                          (연구소) 031-212-1984,031-212-1985,
2182,㈜옵토레인,https://www.ksia.or.kr:443/ajax/ajax_member_c_info.php?idx=2182,https://www.ksia.or.kr:443/data/directory/2024/r9sdn2wZ_logo_1358628180_12480010d96b33546ec4a24140d3067733e5d890.jpg,이도영,설계업체,㈜옵토레인,OPTOLANE Technologies Inc,www.optolane.com,(본사) 031-737-7811,031-737-7849,
2642,㈜우노실리콘,https://www.ksia.or.kr:443/ajax/ajax_member_c_info.php?idx=2642,https://www.ksia.or.kr:443/data/directory,임성묵,설계업체,㈜우노실리콘,"Uno Silicon Co., Ltd.",www.unosilicon.com,(본사) 070-7784-4808                          (연구소) 070-7784-4802,031-722-2225,
2624,㈜웰랑,https://www.ksia.or.kr:443/ajax/ajax_member_c_info.php?idx=2624,https://www.ksia.or.kr:443/data/directory/2025/UtxHuawO_logo_3148148580_301e9c8173fc0d1191a705a56f368bdb40add087.jpg,최승종,설계업체,㈜웰랑,"Wellang Co.,Ltd.",www.wellang.com,(본사) 82-31-8038-4900                          (연구소) 82-31-8038-4900,82-31-8038-4949,
2324,㈜인포웍스,https://www.ksia.or.kr:443/ajax/ajax_member_c_info.php?idx=2324,https://www.ksia.or.kr:443/data/directory,박현주,설계업체,㈜인포웍스,INFOWORKS,www.info-works.co.kr,(본사) 02-569-3346                           (연구소) 02-569-3346,02-569-3347,
2405,㈜자람테크놀로지,https://www.ksia.or.kr:443/ajax/ajax_member_c_info.php?idx=2405,https://www.ksia.or.kr:443/data/directory,백준현,설계업체,㈜자람테크놀로지,ZARAM TECHNOLOGY.Inc,www.zaram.com,(본사) 82-31-779-6700,82-31-779-6799,
2362,㈜제주반도체,https://www.ksia.or.kr:443/ajax/ajax_member_c_info.php?idx=2362,https://www.ksia.or.kr:443/data/directory,박성식,설계업체,㈜제주반도체,Jeju Semiconductor Corp.,www.jeju-semi.com/kr,(본사) 82-64-740-1700                          (연구소) 82-64-740-1700,82-64-740-1750,
2424,㈜칩스앤미디어,https://www.ksia.or.kr:443/ajax/ajax_member_c_info.php?idx=2424,https://www.ksia.or.kr:443/data/directory,김상현,설계업체,㈜칩스앤미디어,"Chips&Media,Inc.",www.chipsnmedia.com,(본사) 82-2-568-3767                          (연구소) 82-2-568-3767,82-2-568-3768,
2377,㈜코아리버,https://www.ksia.or.kr:443/ajax/ajax_member_c_info.php?idx=2377,https://www.ksia.or.kr:443/data/directory,배종홍,설계업체,㈜코아리버,"CORERIVER Semiconductor Co.,Ltd.",www.coreriver.com,(본사) 82-2-2142-3420,82-2-2142-3409,
2355,㈜텔레칩스,https://www.ksia.or.kr:443/ajax/ajax_member_c_info.php?idx=2355,https://www.ksia.or.kr:443/data/directory,이장규,설계업체,㈜텔레칩스,Telechips Inc.,www.telechips.com,(본사) 82-2-3017-5301,82-70-4275-1782,
2434,㈜파두,https://www.ksia.or.kr:443/ajax/ajax_member_c_info.php?idx=2434,https://www.ksia.or.kr:443/data/directory,이지효,설계업체,㈜파두,FADU Inc.,www.fadu.io,(본사) 070-7500-6877                          (연구소) 070-7500-6877,070-7500-6878,
2304,㈜파인스,https://www.ksia.or.kr:443/ajax/ajax_member_c_info.php?idx=2304,https://www.ksia.or.kr:443/data/directory/2024/uwU632gr_logo_1358129729_3bd02810b505ea8a0a56d90721bca5d6805da291.jpg,양형석,설계업체,㈜파인스,PineS Corp.,www.pines.co.kr,(본사) 82-31-8013-2260,82-31-8013-2270,
2473,㈜평창반도체,https://www.ksia.or.kr:443/ajax/ajax_member_c_info.php?idx=2473,https://www.ksia.or.kr:443/data/directory,심기섭,설계업체,㈜평창반도체,"PyeongChang Semicondutor Co., ltd",https//pcsemicon.com,(본사) 02) 6947-7880                          (연구소) 02) 6947-7880,02) 6947-7881,
2407,㈜픽셀플러스,https://www.ksia.or.kr:443/ajax/ajax_member_c_info.php?idx=2407,https://www.ksia.or.kr:443/data/directory,이서규,설계업체,㈜픽셀플러스,"PIXELPLUS CO.,LTD.",www.pixelplus.com,(본사) 82-31-8016-3800,82-31-8016-3891,
2277,넷솔 주식회사,https://www.ksia.or.kr:443/ajax/ajax_member_c_info.php?idx=2277,https://www.ksia.or.kr:443/data/directory/2024/bn6eqN3L_logo_1358611603_4f5c1b7d0eedb9ff8e895e92dbbc22b828428f0b.jpg,김영옥,설계업체,넷솔 주식회사,NETSOL Corporation,www.netsol.co.kr,(본사) 070-8807-3200                    (공장) 070-8807-3200                    (연구소) 070-8807-3200,031-374-2180,
2274,뉴라텍,https://www.ksia.or.kr:443/ajax/ajax_member_c_info.php?idx=2274,https://www.ksia.or.kr:443/data/directory/2024/YNKORg3W_logo_3148656616_09f8e31c7dc32b91cdb1fa1df1642bfca3bdf0bd.jpg,이석규,설계업체,뉴라텍,NEWRATEK,https://newratek.com/,(본사) 02-2088-1980                          (연구소) 02-2088-1980,070-7545-2841,
2335,다믈멀티미디어,https://www.ksia.or.kr:443/ajax/ajax_member_c_info.php?idx=2335,https://www.ksia.or.kr:443/data/directory,정집훈,설계업체,다믈멀티미디어,"Tamul Multimedia Co., Ltd",www.tamulm.com,(본사) 82-2-595-5190                          (연구소) 82-2-595-5190,82-2-595-5196,
2323,딥엑스,https://www.ksia.or.kr:443/ajax/ajax_member_c_info.php?idx=2323,https://www.ksia.or.kr:443/data/directory,김녹원,설계업체,딥엑스,DEEPX,https://deepx.ai/,(본사) 031-603-9887,031-709-3731,
2233,레이저세미콘㈜,https://www.ksia.or.kr:443/ajax/ajax_member_c_info.php?idx=2233,https://www.ksia.or.kr:443/data/directory/2024/LC4N6hgs_logo_2148871311_0b179aecf86a8629b8650a156f059c224be43e4d.JPG,안건준,설계업체,레이저세미콘㈜,"LaserSemicon.,LTD",www.lasersemicon.com,(본사) 031-8064-1330,-,
2535,리벨리온,https://www.ksia.or.kr:443/ajax/ajax_member_c_info.php?idx=2535,https://www.ksia.or.kr:443/data/directory/2025/gJiEd1Nq_logo_6158702437_3c136eef321783fd30bb6dee4534f83a7c91d261.svg,박성현,설계업체,리벨리온,Rebellions,https://rebellions.ai/,(본사) 031-716-0901,0,
2801,망고부스트코리아 주식회사,https://www.ksia.or.kr:443/ajax/ajax_member_c_info.php?idx=2801,https://www.ksia.or.kr:443/data/directory/2026/q4pvNysX_logo_1328702534_4c6f65a0da2a509e4f99bdcf453739c0153d1b17.ai,김장우,설계업체,망고부스트코리아 주식회사,"MangoBoost Korea, Inc.",https://www.mangoboost.io/,(본사) 02-525-3089                          (연구소) 02-525-3089,02-525-3088,
2302,바이탈아이씨 주식회사,https://www.ksia.or.kr:443/ajax/ajax_member_c_info.php?idx=2302,https://www.ksia.or.kr:443/data/directory/2024/MuhELYT1_logo_6868100894_0c6b2bea391196ead3b455e98d9b1a25c88c7428.jpg,왕성호,설계업체,바이탈아이씨 주식회사,"VITAL IC Co., LTD",http://vitalic.tech,(본사) 82-31-698-4090                          (연구소) 82-31-698-4090,070-8260-5775,
2296,보스반도체,https://www.ksia.or.kr:443/ajax/ajax_member_c_info.php?idx=2296,https://www.ksia.or.kr:443/data/directory/2024/JEj96rMI_logo_5238602539_6c173695a915f0615b798a977b84129d2a6fc5d2.jpg,박재홍,설계업체,보스반도체,BoS Semiconductors,https://www.bos-semi.com/,(본사) 03180397099,03180397099,
2752,블루닷(주),https://www.ksia.or.kr:443/ajax/ajax_member_c_info.php?idx=2752,https://www.ksia.or.kr:443/data/directory/2026/SG6dRg15_logo_3318601436_c1cc2ff310049a5b32e6cfa8e0070f88a0394880.png,전민용,설계업체,블루닷(주),bluedot Inc.,https://www.blue-dot.io/ko/,(본사) 0262050812                          (연구소) 0262050812,050717988510,
2342,빌리브마이크론㈜,https://www.ksia.or.kr:443/ajax/ajax_member_c_info.php?idx=2342,https://www.ksia.or.kr:443/data/directory/2024/g9OUu6ie_logo_1298674466_bf2c02300d3fd9fbeb959290da6df897356e015c.jpg,엄재홍,설계업체,빌리브마이크론㈜,villiv micron inc.,http://www.vlv.co.kr,(본사) 82-31-731-4840                    (공장) 82-31-731-4840                    (연구소) 82-31-731-4840,82-31-731-4839,
2514,세미솔루션,https://www.ksia.or.kr:443/ajax/ajax_member_c_info.php?idx=2514,https://www.ksia.or.kr:443/data/directory/2024/ktnZTaYN_logo_1048179389_353cd9cbffe9d2ca17c34afefce608e1716e14c6.pdf,이정원,설계업체,세미솔루션,Semisolution,www.semisolution.com,(본사) 031-627-5300                          (연구소) 031-627-5300,031-627-5303,
2838,세미파이브,https://www.ksia.or.kr:443/ajax/ajax_member_c_info.php?idx=2838,https://www.ksia.or.kr:443/data/directory,조명현,설계업체,세미파이브,SEMIFIVE,www.semifive.com,(본사) 070-7780-3406                          (연구소) 070-7780-3406,82-31-707-0616,
2733,수퍼게이트 주식회사,https://www.ksia.or.kr:443/ajax/ajax_member_c_info.php?idx=2733,https://www.ksia.or.kr:443/data/directory/2026/bMKugnYy_logo_1268682195_7b5d01773b7199233f3f3b54f9c3fdcc7bfe23fb.png,심승필,설계업체,수퍼게이트 주식회사,"Supergate Co., Ltd.",https://supergate.cc/,(본사) 070-7777-2072,02-565-2072,
2367,쓰리에이로직스㈜,https://www.ksia.or.kr:443/ajax/ajax_member_c_info.php?idx=2367,https://www.ksia.or.kr:443/data/directory,이평한,설계업체,쓰리에이로직스㈜,3ALogics Inc.,www.3alogics.com,(본사) 82-31-715-7117                    (공장) 82-31-715-7117                    (연구소) 82-31-715-7117,82-31-719-7551,
2799,아이디어스투실리콘 주식회사,https://www.ksia.or.kr:443/ajax/ajax_member_c_info.php?idx=2799,https://www.ksia.or.kr:443/data/directory/2026/8Rz9n7M6_logo_893-81-03219_4540b73a7a69fde4c0875cd25847f5ffaf86bcaa.jpg,,설계업체,아이디어스투실리콘 주식회사,"IDEAS2SILICON, Inc.",,(본사) 070-7860-3600                          (연구소) 070-7860-3600,070-7860-3612,
2389,어보브반도체 ㈜,https://www.ksia.or.kr:443/ajax/ajax_member_c_info.php?idx=2389,https://www.ksia.or.kr:443/data/directory,최원,설계업체,어보브반도체 ㈜,"ABOV SEMICONDUCTOR CO.,LTD",www.abov.co.kr,(본사) 82-43-219-5200                    (공장) 82-43-219-5200                    (연구소) 82-2-2193-2200,82-43-217-3534,
2566,에스엔칩스 주식회사,https://www.ksia.or.kr:443/ajax/ajax_member_c_info.php?idx=2566,https://www.ksia.or.kr:443/data/directory/2025/9snXdqxj_logo_1368703078_0c2757a2bcf079851bc958edc7aea13160472cfd.jpg,송봉섭,설계업체,에스엔칩스 주식회사,SNCHIPS,www.snchips.com,(본사) 031-697-8690                          (연구소) 031-697-8690,0504-430-0397,
2561,엑사리온 주식회사,https://www.ksia.or.kr:443/ajax/ajax_member_c_info.php?idx=2561,https://www.ksia.or.kr:443/data/directory,박우찬,설계업체,엑사리온 주식회사,EXARION Inc,https://exarion.ai/,(본사) 0220399328                          (연구소) 0220399328,0220399329,
2667,엑시나 주식회사,https://www.ksia.or.kr:443/ajax/ajax_member_c_info.php?idx=2667,https://www.ksia.or.kr:443/data/directory/2025/MuWmazeI_logo_7108102837_0decdc2100e28c5219ef06040bd9710b2dd95c3f.png,김진영,설계업체,엑시나 주식회사,XCENA Inc.,www.xcena.com,(본사) 031-895-6988                          (연구소) 031-895-6988,031-688-0586,
2832,엠텍비젼주식회사,https://www.ksia.or.kr:443/ajax/ajax_member_c_info.php?idx=2832,https://www.ksia.or.kr:443/data/directory/2026/1YsBAFvc_logo_1448130536_715b78bfcb38827e9465147e0c091f696fcc520d.jpg,이성민,설계업체,엠텍비젼주식회사,"MtekVision Co., Ltd.",http://www.mtekvision.com,(본사) 031-627-0100,031-627-0199,
2835,오픈엣지테크놀로지(주),https://www.ksia.or.kr:443/ajax/ajax_member_c_info.php?idx=2835,https://www.ksia.or.kr:443/data/directory/2026/Od4LA9es_logo_428-81-01002_54909db13ead22e389fa33293b9744e0e18e695e.png,이성현,설계업체,오픈엣지테크놀로지(주),"OPENEDGES Technology, Inc.",www.openedges.com,(본사) 02-2038-7507                          (연구소) 02-2038-7507,070-4322-2969,
2834,오픈엣지테크놀로지(주),https://www.ksia.or.kr:443/ajax/ajax_member_c_info.php?idx=2834,https://www.ksia.or.kr:443/data/directory/2026/Od4LA9es_logo_428-81-01002_54909db13ead22e389fa33293b9744e0e18e695e.png,이성현,설계업체,오픈엣지테크놀로지(주),"OPENEDGES Technology, Inc.",www.openedges.com,(본사) 02-2038-7507                          (연구소) 02-2038-7507,070-4322-2969,
2301,이미지스테크놀로지,https://www.ksia.or.kr:443/ajax/ajax_member_c_info.php?idx=2301,https://www.ksia.or.kr:443/data/directory/2024/NXp3HuRK_logo_135-81-69380_46a891aabee78f36437dad7a1a2eaf821b21db43.jpg,김정철,설계업체,이미지스테크놀로지,IMAGIS,www.imagis.co.kr,(본사) 82-31-888-5285,82-31-888-5270,
2541,잇다반도체,https://www.ksia.or.kr:443/ajax/ajax_member_c_info.php?idx=2541,https://www.ksia.or.kr:443/data/directory/2025/x5a0uzqB_logo_6168702667_5d826aa44515069b405b6ee354cd293ca64bf727.png,전호연,설계업체,잇다반도체,ITDA semiconductor,www.itdasemi.com,(본사) 070-5001-0706,031-5171-3693,
2500,주식회사 디노티시아,https://www.ksia.or.kr:443/ajax/ajax_member_c_info.php?idx=2500,https://www.ksia.or.kr:443/data/directory/2024/oSYaKmHe_logo_748-86-03267_3b5d6b29082d621d99a61cd9d77a5b8e8e969ed9.png,정무경,설계업체,주식회사 디노티시아,Dnotitia.Inc.,dnotitia.com,(본사) 02-588-1002                          (연구소) 02-588-1002,02-588-1008,
2706,주식회사 라텔세미컨덕터,https://www.ksia.or.kr:443/ajax/ajax_member_c_info.php?idx=2706,https://www.ksia.or.kr:443/data/directory/2026/OvSPW5z7_logo_749-88-02979_c2cf613650974e3d9aa52aeed95f8abd091bb7fa.png,박순구,설계업체,주식회사 라텔세미컨덕터,Ratel semiconductor,https://www.ratelsemicon.com/,(본사) 010-2212-8068                          (연구소) 010-2212-8068,010-2212-8068,
2749,주식회사 모빌린트,https://www.ksia.or.kr:443/ajax/ajax_member_c_info.php?idx=2749,https://www.ksia.or.kr:443/data/directory/2026/18ZdY70I_logo_8768801379_c01e46052a4437eb77b8ab5c02f971bb3ddd86b4.JPG,신동주,설계업체,주식회사 모빌린트,"Mobilint, Inc.",www.mobilint.com,(본사) 02-6281-0489                          (연구소) 02-6281-0489,02-6716-8122,
2481,주식회사 세오,https://www.ksia.or.kr:443/ajax/ajax_member_c_info.php?idx=2481,https://www.ksia.or.kr:443/data/directory,이형각,설계업체,주식회사 세오,"SEO Co., Ltd.",www.seoitv.com,(본사) 031-424-2345                    (공장) 062-972-8060                    (연구소) 031-424-2345,031-424-2346,
2601,주식회사 아크칩스,https://www.ksia.or.kr:443/ajax/ajax_member_c_info.php?idx=2601,https://www.ksia.or.kr:443/data/directory/2025/L9zTFt08_logo_7548101425_a0b9dc95d6896fc5c98e629f573d6241198104a2.jpg,채승환,설계업체,주식회사 아크칩스,ARKCHIPS Inc.,http://arkchips.com/,(본사) 031-8002-6884                          (연구소) 031-8002-6884,031-8002-6885,
2144,주식회사 에티포스,https://www.ksia.or.kr:443/ajax/ajax_member_c_info.php?idx=2144,https://www.ksia.or.kr:443/data/directory/2024/QrJf0MuY_logo_1098702742_1be14988256cf107d0cc4e618fbb644d00528f6b.png,김호준,설계업체,주식회사 에티포스,ETTIFOS CO.,https://www.ettifos.com/ko,(본사) 031-8039-5650                          (연구소) 031-8039-5650,050-4063-0689,
2278,주식회사 퓨리오사에이아이,https://www.ksia.or.kr:443/ajax/ajax_member_c_info.php?idx=2278,https://www.ksia.or.kr:443/data/directory/2024/InN8iU9E_logo_8608700780_c9565f373916e23b2352eacf284eddb4cf1b8c64.png,백준호,설계업체,주식회사 퓨리오사에이아이,"FuriosaAI, Inc.",furiosa.ai,(본사) 010-7130-4468,02-541-3154,
2695,주식회사 하이퍼엑셀,https://www.ksia.or.kr:443/ajax/ajax_member_c_info.php?idx=2695,https://www.ksia.or.kr:443/data/directory/2026/HJNmhGfW_logo_3028131688_6757cf4ac87e5d9fa317506b79270371acca5606.png,김주영,설계업체,주식회사 하이퍼엑셀,"HyperAccel Co., Ltd.",https://hyperaccel.ai/,(본사) 0262130112,0263129823,
2649,지니틱스,https://www.ksia.or.kr:443/ajax/ajax_member_c_info.php?idx=2649,https://www.ksia.or.kr:443/data/directory/2025/Hh940Krf_logo_3148133020_19cdf22350467109aea79b31f7da42b2d0e0bd5c.jpg,권석만,설계업체,지니틱스,Zinitix,http://www.zinitix.com,(본사) 031-8065-6000,031-8065-6006,
2443,코아시아세미코리아,https://www.ksia.or.kr:443/ajax/ajax_member_c_info.php?idx=2443,https://www.ksia.or.kr:443/data/directory,황재성,설계업체,코아시아세미코리아,CoAsia SEMI Korea Corporation,http://coasiasemi.com/,(본사) 82-2-6964-6288,82-2-402-6288,
2583,테크위드유 주식회사,https://www.ksia.or.kr:443/ajax/ajax_member_c_info.php?idx=2583,https://www.ksia.or.kr:443/data/directory/2025/T9Up0sZd_logo_6718700652_e27765a38819af5071549d54837c74b0f66ec914.ai,김형래,설계업체,테크위드유 주식회사,"TechwidU Co.,Ltd.",www.techwidu.com,(본사) 0312039351,0316295509,
2698,(주)아인크리스탈,https://www.ksia.or.kr:443/ajax/ajax_member_c_info.php?idx=2698,https://www.ksia.or.kr:443/data/directory/2026/taEA5BdF_logo_4198602638_5a21aa0ab0625da951a7cb1f58214f7d3c62bd71.png,구갑렬,재료업체,(주)아인크리스탈,"EINCRYSTAL Co.,Ltd",http://www.eincrystal.co.kr,(본사) 041-587-0801                    (공장) 041-587-0801                    (연구소) 041-587-0801,041-587-0730,
2760,(주)켐트로닉스,https://www.ksia.or.kr:443/ajax/ajax_member_c_info.php?idx=2760,https://www.ksia.or.kr:443/data/directory/2026/hkrma1cR_logo_1298121998_27500009cc7259d0b136ca4c67da3f3eaed1c409.png,김응수,재료업체,(주)켐트로닉스,"Chemtronics Co., Ltd.",http://chemtronics.co.kr/,(본사) 070-4923-0449                    (공장) 031-683-7461                    (연구소) 070-4923-2562,031-776-7691,
2623,OCI㈜,https://www.ksia.or.kr:443/ajax/ajax_member_c_info.php?idx=2623,https://www.ksia.or.kr:443/data/directory,김원현,재료업체,OCI㈜,OCI Company Ltd.,www.oci.co.kr,(본사) 82-2-727-9500                    (공장) 82-63-460-6060                    (연구소) 82-31-730-9700,82-2-727-9499,
2444,SK머티리얼즈 퍼포먼스,https://www.ksia.or.kr:443/ajax/ajax_member_c_info.php?idx=2444,https://www.ksia.or.kr:443/data/directory,하정환,재료업체,SK머티리얼즈 퍼포먼스,SK materials  performance,,(본사) 044-960-3500                    (공장) 044-960-3500                    (연구소) 044-960-3500,0,
2287,SK스페셜티,https://www.ksia.or.kr:443/ajax/ajax_member_c_info.php?idx=2287,https://www.ksia.or.kr:443/data/directory,이규원,재료업체,SK스페셜티,SKspecialty,https://www.skspecialty.com/,(본사) 82-54-630-8114,82-54-630-8145,
2742,SK실트론㈜,https://www.ksia.or.kr:443/ajax/ajax_member_c_info.php?idx=2742,https://www.ksia.or.kr:443/data/directory/2026/5R9pdGEw_logo_5138102110_abf05834d60ba7179eeda2f30f5c02e313e7e5cc.jpg,정광진,재료업체,SK실트론㈜,"SK Siltron Co., Ltd.",http://www.sksiltron.com/,(본사) 82-54-470-8499                    (공장) 82-54-470-8499,84-54-470-8256,
2327,㈜경인양행,https://www.ksia.or.kr:443/ajax/ajax_member_c_info.php?idx=2327,https://www.ksia.or.kr:443/data/directory,조성용,재료업체,㈜경인양행,KISCO,http://www.kisco.co,(본사) 02-3660-7815                    (공장) 032-571-7498                    (연구소) 02-3660-8520,02-3660-7849,
2744,㈜동진쎄미켐,https://www.ksia.or.kr:443/ajax/ajax_member_c_info.php?idx=2744,https://www.ksia.or.kr:443/data/directory/2026/QW8coJTj_logo_137-81-07814_95b5826858476d468069fca87e6f37b6993caac3.jpg,이준혁,재료업체,㈜동진쎄미켐,"Dongjin Semichem Co., Ltd.",http://www.dongjin.com,(본사) 02-6355-6100                    (공장) 031-353-6340                    (연구소) 031-627-3400,02-325-9459,
2452,㈜솔머티리얼즈,https://www.ksia.or.kr:443/ajax/ajax_member_c_info.php?idx=2452,https://www.ksia.or.kr:443/data/directory,허지행,재료업체,㈜솔머티리얼즈,SOLEMATERIALS,http://www.solematerials.com/sub/index.php,(본사) 043-713-1500                    (공장) 043-713-1511                    (연구소) 043-713-1560,043-713-1595,
2813,㈜시노펙스,https://www.ksia.or.kr:443/ajax/ajax_member_c_info.php?idx=2813,https://www.ksia.or.kr:443/data/directory/2026/pdq52Lba_logo_5068103805_ad6e081b3fd44055d022e4346bdd8c33d4076ad7.png,손경익,재료업체,㈜시노펙스,SYNOPEX INC.,www.synopex.com,(본사) 031-379-7777                    (공장) 054-289-4012                    (연구소) 031-379-7777,031-377-8057,
2217,㈜에스앤에스텍,https://www.ksia.or.kr:443/ajax/ajax_member_c_info.php?idx=2217,https://www.ksia.or.kr:443/data/directory/2024/SWLoGAPY_logo_1298140113_8c957d2c9abc7faf3886566c1af932e1ee1cf530.jpg,정수홍,재료업체,㈜에스앤에스텍,snstech,www.snstech.co.kr,(본사) 053-589-1600                          (연구소) 053-589-1600,053-585-1621,
2787,㈜에어퍼스트,https://www.ksia.or.kr:443/ajax/ajax_member_c_info.php?idx=2787,https://www.ksia.or.kr:443/data/directory/2026/GaB9jnmH_logo_5068100604_527838b2f36ac36a0822d3e7530405c1e11f5da7.png,양한용,재료업체,㈜에어퍼스트,"AirFirst Co., Ltd.",www.airfst.com,(본사) 02-780-9331                    (공장) 054-285-3401,02-784-6333,
2445,㈜에프알디,https://www.ksia.or.kr:443/ajax/ajax_member_c_info.php?idx=2445,https://www.ksia.or.kr:443/data/directory,박규홍,재료업체,㈜에프알디,"FRD CO., LTD",www.frdbiz.com,(본사) 070-4492-7824                    (공장) 070-4492-7824                    (연구소) 070-4492-7824,043-536-0399,
2780,㈜에프에스티,https://www.ksia.or.kr:443/ajax/ajax_member_c_info.php?idx=2780,https://www.ksia.or.kr:443/data/directory/2026/wufLphM3_logo_1248123841_e3163a7a8eb32b42d02fb005aa4232c1552bd9a7.jpg,장경빈,재료업체,㈜에프에스티,FINE SEMI TECH CORP.,www.fstc.co.kr,(본사) 031-371-2400                    (공장) 031-370-0700                    (연구소) 031-371-2400,031-371-2401,
2457,㈜엠에스머트리얼즈,https://www.ksia.or.kr:443/ajax/ajax_member_c_info.php?idx=2457,https://www.ksia.or.kr:443/data/directory,전청민,재료업체,㈜엠에스머트리얼즈,"MS Materials Co., Ltd.",http://www.msmaterials.co.kr,(본사) 82-41-856-5551                    (공장) 82-41-856-5551                    (연구소) 82-41-856-5551,82-41-856-5561,
2755,㈜원익머트리얼즈,https://www.ksia.or.kr:443/ajax/ajax_member_c_info.php?idx=2755,https://www.ksia.or.kr:443/data/directory/2026/Ogkx90aG_logo_3178102448_5f9b455d7e78e1ed2e1164ae9ec0765b1f9a48cb.png,한정욱,재료업체,㈜원익머트리얼즈,"Wonik Materials Co.,Ltd.",http://www.wimco.co.kr,(본사) 043-210-4600                    (공장) 044-864-4381                    (연구소) 043-210-4665,043-218-8472,
2756,㈜원익머트리얼즈,https://www.ksia.or.kr:443/ajax/ajax_member_c_info.php?idx=2756,https://www.ksia.or.kr:443/data/directory/2026/Ogkx90aG_logo_3178102448_5f9b455d7e78e1ed2e1164ae9ec0765b1f9a48cb.png,한정욱,재료업체,㈜원익머트리얼즈,"Wonik Materials Co.,Ltd.",http://www.wimco.co.kr,(본사) 043-210-4600                    (공장) 044-864-4381                    (연구소) 043-210-4665,043-218-8472,
2402,㈜이엔에프테크놀로지,https://www.ksia.or.kr:443/ajax/ajax_member_c_info.php?idx=2402,https://www.ksia.or.kr:443/data/directory,김정수,재료업체,㈜이엔에프테크놀로지,"ENF Technology Co.,Ltd",http://www.enftech.com,(본사) 031-881-8200                    (공장) 82-52-259-4827                    (연구소) 82-31-881-8410,82-31-282-6855,
2789,㈜이큐테크플러스,https://www.ksia.or.kr:443/ajax/ajax_member_c_info.php?idx=2789,https://www.ksia.or.kr:443/data/directory/2026/lcETHs6M_logo_8568700646_d243d1af81dc5ce087935202460664de5db469b3.png,김용원,재료업체,㈜이큐테크플러스,"EQ Tech Plus Co., Ltd",www.eqtechplus.com,(본사) 031-5182-8060                    (공장) 82-31-5182-8060                    (연구소) 031-5182-8060,031-5182-8061,
2454,㈜클랩,https://www.ksia.or.kr:443/ajax/ajax_member_c_info.php?idx=2454,https://www.ksia.or.kr:443/data/directory,김성호,재료업체,㈜클랩,"CLAP Co., Ltd",www.clap.co.kr,(본사) 82-31-360-2160                    (공장) 82-31-360-2160                    (연구소) 82-31-360-2160,0,
2816,㈜한국비철,https://www.ksia.or.kr:443/ajax/ajax_member_c_info.php?idx=2816,https://www.ksia.or.kr:443/data/directory/2026/f4h93qWr_logo_1058152554_a42710d16e28c7c3242bb9eaffe428e901e4d37f.png,안국헌,재료업체,㈜한국비철,"Korea Non-Ferrous Metals Co., Ltd",www.hanbee.com,(본사) 02-333-4363                    (공장) 02-333-4363                    (연구소) 02-333-4363,02-333-4364,
2735,㈜한화 글로벌부문,https://www.ksia.or.kr:443/ajax/ajax_member_c_info.php?idx=2735,https://www.ksia.or.kr:443/data/directory/2026/7TjcPYGQ_logo_2028116825_da84decbbd6e8fc8eeb77a2088c9c4b9cc431d7c.jpg,류두영,재료업체,㈜한화 글로벌부문,Hanwha Corporation Global Div.,https://www.hanwhaglobal.co.kr/ko,(본사) 02-000-0000,02-000-0000,
2769,㈜후성,https://www.ksia.or.kr:443/ajax/ajax_member_c_info.php?idx=2769,https://www.ksia.or.kr:443/data/directory/2026/IRbSnyaL_logo_6108536092_2f1a5c071a6b7593678d94783fc4f207b3962ba3.ai,김용민,재료업체,㈜후성,"FOOSUNG CO., LTD.",www.foosungchem.com,(본사) 82-31-627-4365                    (공장) 82-52-208-8100                    (연구소) 82-52-208-8100,82-31-627-4399,
2528,고려아연,https://www.ksia.or.kr:443/ajax/ajax_member_c_info.php?idx=2528,https://www.ksia.or.kr:443/data/directory/2025/ZfWFXHx1_logo_211-81-11260_804ee573f813956df5dd3012d94ded83546b59c9.jpg,박기덕,재료업체,고려아연,"Korea Zinc. Co., Ltd.",https://www.koreazinc.co.kr/,(본사) 02                    (공장) 052                    (연구소) 052,519-3416,
2337,대덕전자,https://www.ksia.or.kr:443/ajax/ajax_member_c_info.php?idx=2337,https://www.ksia.or.kr:443/data/directory,신영환,재료업체,대덕전자,DAEDUCK,,(본사) 01073363664,03180408082,
2242,동우화인켐㈜,https://www.ksia.or.kr:443/ajax/ajax_member_c_info.php?idx=2242,https://www.ksia.or.kr:443/data/directory/2024/jaIK0t4v_logo_1258513136_555f0c5f41ede7c122b6ce88a69de31079822c21.jpg,이종찬,재료업체,동우화인켐㈜,DONGWOO FINE-CHEM,www.dwchem.co.kr,(본사) 82-31-659-4600,82-31-659-4699,
2458,로움하이텍 주식회사,https://www.ksia.or.kr:443/ajax/ajax_member_c_info.php?idx=2458,https://www.ksia.or.kr:443/data/directory,박주현,재료업체,로움하이텍 주식회사,"LOUM HITECH CO,.Ltd",http://www.loum.co.kr/,(본사) 070-8280-2287                    (공장) 070-8280-2287                    (연구소) 070-8280-2287,070-8280-2289,
2784,메타일렉트로(주),https://www.ksia.or.kr:443/ajax/ajax_member_c_info.php?idx=2784,https://www.ksia.or.kr:443/data/directory/2026/9Hn6Wh0v_logo_798-81-02031_fcd1412d5787c69d8e9ec207685a383118c78d14.jpg,강기현,재료업체,메타일렉트로(주),"METAELECTRO Co.,Ltd.",www.metaelectro.co.kr,(본사) 032-715-8436                    (공장) 010-7141-4074                    (연구소) 032-715-8436,FAX:032-715-8437,
2646,삼성SDI,https://www.ksia.or.kr:443/ajax/ajax_member_c_info.php?idx=2646,https://www.ksia.or.kr:443/data/directory,최주선,재료업체,삼성SDI,"SAMSUNG SDI CO., LTD.",www.samsungsdi.co.kr,(본사) 82-31-8006-3000                    (공장) 82-54-468-2114                    (연구소) 82-31-8061-4002,82-31-8006-3002,
2683,삼화페인트공업(주),https://www.ksia.or.kr:443/ajax/ajax_member_c_info.php?idx=2683,https://www.ksia.or.kr:443/data/directory/2025/mcL7QWZX_logo_134-81-17477_db994008289e2d5bc9a81612c769b41080036700.jpg,배맹달,재료업체,삼화페인트공업(주),"Samhwa Paints Ind. Co., Ltd",samhwa.com,(본사) 02-765-3641                    (공장) 031-499-0394                    (연구소) 031-500-4036,02-765-0447,
2751,솔브레인㈜,https://www.ksia.or.kr:443/ajax/ajax_member_c_info.php?idx=2751,https://www.ksia.or.kr:443/data/directory/2026/AzplLEND_logo_5248601789_a6fbbbc064faa201ddc04dca2991c68987e11084.png,박영수,재료업체,솔브레인㈜,"Soulbrain Co.,Ltd.",http://www.soulbrain.co.kr/,(본사) 031-701-0111                    (공장) 041-851-1636                    (연구소) 031-788-8100,031-701-2851,
2272,심텍,https://www.ksia.or.kr:443/ajax/ajax_member_c_info.php?idx=2272,https://www.ksia.or.kr:443/data/directory/2024/gouOLJdF_logo_1338800123_e8e2d1316557098808dc3aedff673f7ad72d32c5.png,전영선,재료업체,심텍,SIMMTECH,http://www.simmtech.com/,(본사) 043-269-9001                    (공장) 043-269-9001,043-269-9018,
2430,아데카코리아㈜,https://www.ksia.or.kr:443/ajax/ajax_member_c_info.php?idx=2430,https://www.ksia.or.kr:443/data/directory,TAKAHASHI SHIN,재료업체,아데카코리아㈜,ADEKA KOREA,http://www.adekakorea.co.kr,(본사) 063-260-0400                    (공장) 063-260-0400                    (연구소) 031-8002-3130,063-262-7338,
2138,아토텍코리아㈜,https://www.ksia.or.kr:443/ajax/ajax_member_c_info.php?idx=2138,https://www.ksia.or.kr:443/data/directory/2024/mexQsGB2_logo_1168155129_22b14f62713f122734122a051573ecc7ecd001d4.png,김영범,재료업체,아토텍코리아㈜,Atotech Korea,www.atotech.co.kr,(본사) 031-359-3000                    (공장) 031-359-3000                    (연구소) 031-359-3050,031-351-8557,
2828,에어프로덕츠코리아㈜,https://www.ksia.or.kr:443/ajax/ajax_member_c_info.php?idx=2828,https://www.ksia.or.kr:443/data/directory/2026/8ur6RhOo_logo_8078800317_884c72bfce482a663882321e50dd511f0c483d46.png,김승록,재료업체,에어프로덕츠코리아㈜,Air Producst Korea Inc.,www.airproducts.com,(본사) 82-2-2170-8000                    (공장) 82-31-8005-0300,82-2-733-0286,
2664,에이치엘비이노베이션 주식회사,https://www.ksia.or.kr:443/ajax/ajax_member_c_info.php?idx=2664,https://www.ksia.or.kr:443/data/directory,김홍철,재료업체,에이치엘비이노베이션 주식회사,HLB innovation,www.hlbinno.com,(본사) 031-522-3700                    (공장) 031-522-3700,031-522-3716,
2438,엠이엠씨코리아㈜,https://www.ksia.or.kr:443/ajax/ajax_member_c_info.php?idx=2438,https://www.ksia.or.kr:443/data/directory,조찬래,재료업체,엠이엠씨코리아㈜,MEMC KROEA,www.memc.co.kr,(본사) 041-550-4038,041-550-4620,
2550,엠케이켐앤텍,https://www.ksia.or.kr:443/ajax/ajax_member_c_info.php?idx=2550,https://www.ksia.or.kr:443/data/directory,권혁석,재료업체,엠케이켐앤텍,MK CHEM&TECH,,(본사) 031-310-0000                          (연구소) 031-310-0000,031-410-3037,
881,와이씨켐,https://www.ksia.or.kr:443/ajax/ajax_member_c_info.php?idx=881,https://www.ksia.or.kr:443/data/directory/2019/PFM9mnDe_logo_5048141405_40781e697574f76d99379b9cb597d66fe274a77c.gif,이성일,재료업체,와이씨켐,ycchem,www.ycchem.co.kr,(본사) 053-252-8521                    (공장) 054-930-2800,053-256-8521,
2668,유비머트리얼즈㈜,https://www.ksia.or.kr:443/ajax/ajax_member_c_info.php?idx=2668,https://www.ksia.or.kr:443/data/directory,김태근,재료업체,유비머트리얼즈㈜,UBmaterials Inc.,ubmaterials.com,(본사) 82-31-270-0170                    (공장) 82-31-270-0170                    (연구소) 82-31-270-0170,82-31-270-0199,
2719,제이케이머트리얼즈,https://www.ksia.or.kr:443/ajax/ajax_member_c_info.php?idx=2719,https://www.ksia.or.kr:443/data/directory/2026/sF0eXWK7_logo_3618702184_7f1558c65d40aea97e6ad20fc6e089c4c220115b.png,송명환,재료업체,제이케이머트리얼즈,JK materials,http://www.cgpmaterials.com,(본사) 031-204-1870,031-888-1870,
2474,주식회사 쎄닉,https://www.ksia.or.kr:443/ajax/ajax_member_c_info.php?idx=2474,https://www.ksia.or.kr:443/data/directory,구갑렬,재료업체,주식회사 쎄닉,SENIC Inc.,senic.co.kr,(본사) 041-587-0801                    (공장) 041-587-0801                    (연구소) 041-587-0801,041-587-0730,
2522,주식회사 에스제이세미텍,https://www.ksia.or.kr:443/ajax/ajax_member_c_info.php?idx=2522,https://www.ksia.or.kr:443/data/directory,이재성,재료업체,주식회사 에스제이세미텍,SJ Semitech,,(본사) 01081508366,05043988366,
2659,주식회사 이포트,https://www.ksia.or.kr:443/ajax/ajax_member_c_info.php?idx=2659,https://www.ksia.or.kr:443/data/directory/2025/Iji8POw0_logo_7098700826_77edb50fcf66c4ec4b9c4ce0c30bf2c1e967fb45.png,오성준,재료업체,주식회사 이포트,"Eport Co., Ltd.",http://www.e-port.co.kr,(본사) 031-798-6064                    (공장) 031-635-6064                    (연구소) 031-635-6064,031-798-6067,
2236,케이피엑스케미칼㈜,https://www.ksia.or.kr:443/ajax/ajax_member_c_info.php?idx=2236,https://www.ksia.or.kr:443/data/directory/2024/DNBKZCM5_logo_110-81-33923_545e412561476a514f61a4556975bdea31f2f010.jpg,양준영,재료업체,케이피엑스케미칼㈜,KPX Chemical,http://www.kpxchemical.com,(본사) 02)2014-4000                    (공장) 052)279-0200                    (연구소) 031)693-5400,362-0034,
2731,태광산업,https://www.ksia.or.kr:443/ajax/ajax_member_c_info.php?idx=2731,https://www.ksia.or.kr:443/data/directory/2026/w3ohsWku_logo_203-81-43626_bcf6dc493710b81212fa039be069bf2f47de8ede.jpg,이부의,재료업체,태광산업,Taekwang Industrial,http://www.taekwang.co.kr/,(본사) 02-3406-0471,02-3406-0428,
2818,테크센드포토마스크㈜,https://www.ksia.or.kr:443/ajax/ajax_member_c_info.php?idx=2818,https://www.ksia.or.kr:443/data/directory,전찬욱,재료업체,테크센드포토마스크㈜,TEKSCEND PHOTOMASKS KOREA INC.,www.photomask.com,(본사) 82-31-630-1114                    (공장) 82-31-630-1114,82-31-630-1115,
2440,티이엠씨 주식회사,https://www.ksia.or.kr:443/ajax/ajax_member_c_info.php?idx=2440,https://www.ksia.or.kr:443/data/directory,유원양,재료업체,티이엠씨 주식회사,TEMC,www.temc.co.kr,(본사) 043-298-3333                    (공장) 043-298-3333                    (연구소) 043-298-3333,043-544-3339,
2745,한덕화학(주),https://www.ksia.or.kr:443/ajax/ajax_member_c_info.php?idx=2745,https://www.ksia.or.kr:443/data/directory/2026/zGs3re4k_logo_104-81-36755_bf967a3bf57a4bcd167ab95c2ae2b960c92198b2.png,안효택,재료업체,한덕화학(주),"Hantok Chemicals Co.,Ltd",hantok.com,(본사) 02-6974-4897                    (공장) 052-270-6817,02-539-4898,
2775,해성디에스 주식회사,https://www.ksia.or.kr:443/ajax/ajax_member_c_info.php?idx=2775,https://www.ksia.or.kr:443/data/directory/2026/NvVeaX8J_logo_6098618048_72b2fb32256abdaf98a89a3fe581380de200a681.png,최영식,재료업체,해성디에스 주식회사,"HAESUNG DS Co., Ltd.",http://www.haesungds.com/,(본사) 070-4761-0000                    (공장) 070-4761-0000                    (연구소) 070-4761-0000,070-4761-0008,
2786,효성네오켐 주식회사,https://www.ksia.or.kr:443/ajax/ajax_member_c_info.php?idx=2786,https://www.ksia.or.kr:443/data/directory,이건종,재료업체,효성네오켐 주식회사,"HYOSUNG NEOCHEM Co., Ltd.",https://www.hyosungchemical.com/kr/business/n,(본사) 82-2-2146-5475                    (공장) 82-52-208-9510,82-2-2146-5219,
2569,(주)넥센서,https://www.ksia.or.kr:443/ajax/ajax_member_c_info.php?idx=2569,https://www.ksia.or.kr:443/data/directory/2025/EpMjTya9_logo_2568601080_1ec809a3f1be1deeb919dff2a9d301679ed24eac.png,유준호,장비업체,(주)넥센서,nexensor,https://www.nexensor.com/,(본사) 07041533910                    (공장) 07041533910                    (연구소) 07041533910,0427107761,
2478,(주)에스에스피,https://www.ksia.or.kr:443/ajax/ajax_member_c_info.php?idx=2478,https://www.ksia.or.kr:443/data/directory,주희종,장비업체,(주)에스에스피,SSP Inc,http://ssp.inc/,(본사) 032-822-0881                    (공장) 032-822-0881                    (연구소) 032-822-0881,032-822-0886,
2687,(주)에이치피에스피,https://www.ksia.or.kr:443/ajax/ajax_member_c_info.php?idx=2687,https://www.ksia.or.kr:443/data/directory/2025/fiRohzY0_logo_2128700598_20b00b5726772157fed49219ee0f3e3c5fbc507b.ai,이춘흥,장비업체,(주)에이치피에스피,"HPSP Co.,Ltd.",https://thehpsp.com/,(본사) 82-31-227-9898                    (공장) 82-31-227-9898                    (연구소) 82-31-227-9898,82-31-227-7474,
2747,(주)필옵틱스,https://www.ksia.or.kr:443/ajax/ajax_member_c_info.php?idx=2747,https://www.ksia.or.kr:443/data/directory/2026/r9w1JutR_logo_1238613175_4bc98c2ba471cb4446e671c69e623cc4b68d273a.png,한기수,장비업체,(주)필옵틱스,PHILOPTICS,www.philoptics.com,(본사) 031-292-8321                    (공장) 031-292-8321                    (연구소) 031-292-8321,031-298-7274,
2594,AP시스템㈜,https://www.ksia.or.kr:443/ajax/ajax_member_c_info.php?idx=2594,https://www.ksia.or.kr:443/data/directory,유호선,장비업체,AP시스템㈜,APsystems,www.apsystems.co.kr,(본사) 82-31-379-2700                    (공장) 82-31-379-2700                    (연구소) 82-31-379-2700,82-31-379-2800,
2808,㈜글로벌스탠다드테크놀로지,https://www.ksia.or.kr:443/ajax/ajax_member_c_info.php?idx=2808,https://www.ksia.or.kr:443/data/directory,"석종욱, 문승보",장비업체,㈜글로벌스탠다드테크놀로지,"Global Standard Technology Co.,Ltd",www.gst-in.com,(본사) 031-371-2200                    (공장) 031-371-2200                    (연구소) 031-371-2200,031-371-2300,
2447,㈜나인벨,https://www.ksia.or.kr:443/ajax/ajax_member_c_info.php?idx=2447,https://www.ksia.or.kr:443/data/directory,최문수,장비업체,㈜나인벨,"Ninebell Co., Ltd.",www.ninebell.co.kr,(본사) 031-707-9362,031-705-9365,
2648,㈜넥스틴,https://www.ksia.or.kr:443/ajax/ajax_member_c_info.php?idx=2648,https://www.ksia.or.kr:443/data/directory/2025/KdD6B1mi_logo_1268632036_e5db49a52e9252de5705b9fa466f5fb171983844.jpg,박태훈,장비업체,㈜넥스틴,"NEXTIN, Inc.",www.nextinsol.com,(본사) 82-31-629-2300                    (공장) 82-31-629-2300                    (연구소) 82-31-629-2300,82-31-629-2399,
2408,㈜디아이,https://www.ksia.or.kr:443/ajax/ajax_member_c_info.php?idx=2408,https://www.ksia.or.kr:443/data/directory,장일선,장비업체,㈜디아이,DI Corporation,www.di.co.kr,(본사) 82-2-541-5501,82-2-541-3695,
2819,㈜라온테크,https://www.ksia.or.kr:443/ajax/ajax_member_c_info.php?idx=2819,https://www.ksia.or.kr:443/data/directory,김원경,장비업체,㈜라온테크,RAON TECH,www.raonrobot.com,(본사) 031-201-0000,031-227-1500,
2699,㈜러셀,https://www.ksia.or.kr:443/ajax/ajax_member_c_info.php?idx=2699,https://www.ksia.or.kr:443/data/directory,권순욱,장비업체,㈜러셀,"RUSSELL CO.,LTD",http://www.erussell.co.kr,(본사) 043-532-8818                    (공장) 043-532-8818                    (연구소) 043-532-8818,043-532-8821,
2453,㈜로봇앤드디자인,https://www.ksia.or.kr:443/ajax/ajax_member_c_info.php?idx=2453,https://www.ksia.or.kr:443/data/directory,한진석,장비업체,㈜로봇앤드디자인,"Robots and Design Co., Ltd",rnd.re.kr,(본사) 031-708-2684                    (공장) 031-708-2684                    (연구소) 031-708-2684,031-706-9093,
2807,㈜뮤텍코리아,https://www.ksia.or.kr:443/ajax/ajax_member_c_info.php?idx=2807,https://www.ksia.or.kr:443/data/directory/2026/D3NxdJzt_logo_1078180570_42672d287018e321a483030fe1d73bd30737aedb.png,임상규,장비업체,㈜뮤텍코리아,MUTECH KOREA,www.mutechkorea.co.kr,(본사) 02-6116-6171                    (공장) 02-6116-6171                    (연구소) 02-6116-6171,02-6116-6170,
2709,㈜미래컴퍼니,https://www.ksia.or.kr:443/ajax/ajax_member_c_info.php?idx=2709,https://www.ksia.or.kr:443/data/directory/2026/4sZAfEOU_logo_2118196221_386819ad83ae4f16838e5e4fd288156bcb5c144f.JPG,김준구,장비업체,㈜미래컴퍼니,meerecompany Inc.,www.meerecompany.com,(본사) 82-31-350-9997,82-31-352-8871,
2612,㈜서플러스글로벌,https://www.ksia.or.kr:443/ajax/ajax_member_c_info.php?idx=2612,https://www.ksia.or.kr:443/data/directory,김정웅,장비업체,㈜서플러스글로벌,SurplusGLOBAL,www.surplusglobal.com,(본사) 031-728-1400                          (연구소) 031-728-1400,031-728-1401,
825,㈜세츠,https://www.ksia.or.kr:443/ajax/ajax_member_c_info.php?idx=825,https://www.ksia.or.kr:443/data/directory,,장비업체,㈜세츠,"SETS Co.,Ltd.",www.sets.co.kr,(본사) 82-31-223-1093,82-31-223-1079,
2596,㈜싸이맥스,https://www.ksia.or.kr:443/ajax/ajax_member_c_info.php?idx=2596,https://www.ksia.or.kr:443/data/directory/2025/z6BdJq0V_logo_1298191801_45dd4e0d231f3528115dc6c7ce003f7c53d4c1eb.gif,정혜은,장비업체,㈜싸이맥스,CYMECHS Inc.,www.cymechs.com,(본사) 82-31-371-8600                    (공장) 82-31-371-8600,82-31-378-6920,
2370,㈜쎄믹스,https://www.ksia.or.kr:443/ajax/ajax_member_c_info.php?idx=2370,https://www.ksia.or.kr:443/data/directory,유완식,장비업체,㈜쎄믹스,SEMICS,www.semics.com,(본사) 82-31-697-6600,82-31-705-3233,
2778,㈜아바코,https://www.ksia.or.kr:443/ajax/ajax_member_c_info.php?idx=2778,https://www.ksia.or.kr:443/data/directory/2026/Wi19s8uD_logo_5038143827_c9668461582162401f23206e1a06e4740548fded.AI,김광현,장비업체,㈜아바코,"AVACO Co.,Ltd.",www.avaco.com,(본사) 82-53-583-8150                    (공장) 82-70-8660-8800                    (연구소) 82-53-583-8150,82-53-588-9209,
2465,㈜아이씨디,https://www.ksia.or.kr:443/ajax/ajax_member_c_info.php?idx=2465,https://www.ksia.or.kr:443/data/directory,이승호,장비업체,㈜아이씨디,"INNOVATION FOR CREATIVE DEVICES CO., LTD. (ICD CO.,LTD.)",https://www.icd.co.kr/main/main.html?,(본사) 031-678-3331                    (공장) 031-678-3331,031-678-3301,
2739,㈜에스에프에이,https://www.ksia.or.kr:443/ajax/ajax_member_c_info.php?idx=2739,https://www.ksia.or.kr:443/data/directory/2026/zP6i3kNF_logo_6098135227_7cea3e05cf6e4be8c559c48706fc22dc8f096424.jpg,김상경,장비업체,㈜에스에프에이,SFA Engineering Corp.,www.sfa.co.kr,(본사) 82-31-379-7412                    (공장) 041-539-6711                    (연구소) 82-31-379-7512,82-31-379-7310,
2736,㈜에스티아이,https://www.ksia.or.kr:443/ajax/ajax_member_c_info.php?idx=2736,https://www.ksia.or.kr:443/data/directory/2026/9EULixoW_logo_1258123112_93d92e895b4dfbbdf86661b1f9ffcae2b1f421cd.png,이우석,장비업체,㈜에스티아이,"STI Co., Ltd.",http://sti.co.kr,(본사) 82-31-653-4380                    (공장) 82-31-653-4380                    (연구소) 82-31-653-4380,82-31-653-4386,
2448,㈜에이앤아이,https://www.ksia.or.kr:443/ajax/ajax_member_c_info.php?idx=2448,https://www.ksia.or.kr:443/data/directory,박병해,장비업체,㈜에이앤아이,"ANI co., ltd.",www.anieng.com,(본사) 82-31-831-0300,82-31-831-0459,
2210,㈜에이치앤이루자,https://www.ksia.or.kr:443/ajax/ajax_member_c_info.php?idx=2210,https://www.ksia.or.kr:443/data/directory,유환규,장비업체,㈜에이치앤이루자,H&iruja Co. Ltd,http://hniruja.com/,(본사) 070-8680-4100,070-8244-1177,
2602,㈜에이텍솔루션,https://www.ksia.or.kr:443/ajax/ajax_member_c_info.php?idx=2602,https://www.ksia.or.kr:443/data/directory/2025/ZM6ehFGi_logo_135-86-03326_2422e40624b3727575ed8a63e4112c264bd05bdf.jpg,박병호,장비업체,㈜에이텍솔루션,"AETS CO., LTD.",www.aets.co.kr,(본사) 031-8015-2072                    (공장) 041-582-7427                    (연구소) 070-4352-6812,031-8015-2078,
2343,㈜엑시콘,https://www.ksia.or.kr:443/ajax/ajax_member_c_info.php?idx=2343,https://www.ksia.or.kr:443/data/directory/2024/HfdsY3NK_logo_1298140428_9253c253e82dae63a53259b7caa34d2a9f264b30.JPG,"최명배, 박영우",장비업체,㈜엑시콘,EXICON,www.exicon.co.kr,(본사) 82-31-639-9200                    (공장) 82-41-412-7500                    (연구소) 82-31-696-3100,82-31-639-9160,
2641,㈜오로스테크놀로지,https://www.ksia.or.kr:443/ajax/ajax_member_c_info.php?idx=2641,https://www.ksia.or.kr:443/data/directory/2025/Fxbmz2EH_logo_1298166452_a6a6afd85c439291ac64e48583df5b59befbacb7.ai,이준우,장비업체,㈜오로스테크놀로지,"AUROS Technology, Inc.",http://www.aurostech.com,(본사) 82-31-8046-8800                          (연구소) 82-31-8046-8800,82-31-8015-2247,
2385,㈜유니테스트,https://www.ksia.or.kr:443/ajax/ajax_member_c_info.php?idx=2385,https://www.ksia.or.kr:443/data/directory,김종현,장비업체,㈜유니테스트,UniTest Inc.,http://www.uni-test.com/,(본사) 82-31-547-0300,82-31-547-0469,
2383,㈜유진테크,https://www.ksia.or.kr:443/ajax/ajax_member_c_info.php?idx=2383,https://www.ksia.or.kr:443/data/directory,엄평용,장비업체,㈜유진테크,Eugene Technology,http://www.eugenetech.co.kr,(본사) 82-31-323-5700                    (공장) 82-31-323-5700                    (연구소) 82-31-330-3797,82-31-333-1681,
2348,㈜이오테크닉스,https://www.ksia.or.kr:443/ajax/ajax_member_c_info.php?idx=2348,https://www.ksia.or.kr:443/data/directory,성규동,장비업체,㈜이오테크닉스,EO Technics,www.eotechnics.com,(본사) 82-31-422-2501                    (공장) 82-31-422-2501                    (연구소) 82-31-422-2501,82-31-422-2442,
2422,㈜자비스,https://www.ksia.or.kr:443/ajax/ajax_member_c_info.php?idx=2422,https://www.ksia.or.kr:443/data/directory,김형철,장비업체,㈜자비스,"XAVIS CO.,LTD",www.xavis.co.kr,(본사) 82-31-740-3800,82-31-740-3801,
2579,㈜제우스,https://www.ksia.or.kr:443/ajax/ajax_member_c_info.php?idx=2579,https://www.ksia.or.kr:443/data/directory/2025/T2XEcAn3_logo_2298105323_f384a8515ba9690b4a7eb0b336386f3af6747d12.png,이종우,장비업체,㈜제우스,"ZEUS Co.,Ltd.",www.globalzeus.com,(본사) 82-31-377-9500                    (공장) 82-31-377-9500                    (연구소) 82-31-377-9500,82-31-377-3305,
2403,㈜제이티,https://www.ksia.or.kr:443/ajax/ajax_member_c_info.php?idx=2403,https://www.ksia.or.kr:443/data/directory,유홍준,장비업체,㈜제이티,JT Corporation,http://www.jtcorp.co.kr,(본사) 82-70-4172-0100                    (공장) 82-70-4172-0100,82-41-584-0134,
2197,㈜케이씨,https://www.ksia.or.kr:443/ajax/ajax_member_c_info.php?idx=2197,https://www.ksia.or.kr:443/data/directory/2024/kSe9CvIE_logo_1208105593_fe2f442390ee8d29d427e49499fe720e06575e4a.JPG,고상걸,장비업체,㈜케이씨,"KC Co., Ltd.",www.kct.co.kr,(본사) 031-670-8900                    (공장) 031-670-8900                    (연구소) 031-723-0143,031-8021-0004,
2779,㈜케이씨텍,https://www.ksia.or.kr:443/ajax/ajax_member_c_info.php?idx=2779,https://www.ksia.or.kr:443/data/directory,최동규,장비업체,㈜케이씨텍,"KCTech Co., Ltd.",http://www.kctech.com/,(본사) 031-670-8000                    (공장) 031-670-8000                    (연구소)  031-650-9000,031-677-7173,
2704,㈜큐빅셀,https://www.ksia.or.kr:443/ajax/ajax_member_c_info.php?idx=2704,https://www.ksia.or.kr:443/data/directory/2026/wHui7m3t_logo_4368100514_f100364697424367a3f72453e929e6f617bb323d.png,김태근,장비업체,㈜큐빅셀,"CUBIXEL CO., LTD.",http://www.cubixel.co.kr/,(본사) 0234093566                    (공장) 0234093566                    (연구소) 0234093566,0234093567,
2345,㈜탑엔지니어링,https://www.ksia.or.kr:443/ajax/ajax_member_c_info.php?idx=2345,https://www.ksia.or.kr:443/data/directory,,장비업체,㈜탑엔지니어링,"TOP ENGINEERING CO., LTD.",www.topengnet.com,(본사) 82-54-480-0300,82-54-480-0346,
2392,㈜테스,https://www.ksia.or.kr:443/ajax/ajax_member_c_info.php?idx=2392,https://www.ksia.or.kr:443/data/directory,주숭일,장비업체,㈜테스,"TES Co.,Ltd",www.hites.co.kr,(본사) 031-323-2552                    (공장) 031-323-2552                    (연구소) 031-701-0824,031-323-2555,
2810,㈜테크윙,https://www.ksia.or.kr:443/ajax/ajax_member_c_info.php?idx=2810,https://www.ksia.or.kr:443/data/directory,나윤성,장비업체,㈜테크윙,"TechWing, Inc.",www.techwing.co.kr,(본사) 82-31-379-8000                    (공장) 82-41-536-7000                    (연구소) 82-31-379-8000,82-31-378-5648,
2656,㈜티에스이,https://www.ksia.or.kr:443/ajax/ajax_member_c_info.php?idx=2656,https://www.ksia.or.kr:443/data/directory/2025/iowOCNln_logo_3128121630_c91b818b8c351cb1ac3369ddbaa349f8f67c7211.png,김철호,장비업체,㈜티에스이,"TSE Co.,Ltd.",www.tse21.com,(본사) 82-41-581-9955,82-41-581-8009,
2462,㈜피티씨,https://www.ksia.or.kr:443/ajax/ajax_member_c_info.php?idx=2462,https://www.ksia.or.kr:443/data/directory,박종기,장비업체,㈜피티씨,"PTC Co., Ltd.",ptcsemi.com,(본사) 031-335-1602                    (공장) 031-335-1602,031-335-1603,
2809,㈜한국에바라정밀기계,https://www.ksia.or.kr:443/ajax/ajax_member_c_info.php?idx=2809,https://www.ksia.or.kr:443/data/directory/2026/7yZAQrPK_logo_1258110975_28b9e393d37f8f3919f95e239b1c43d8306c3045.jpg,박신영,장비업체,㈜한국에바라정밀기계,Ebara Precision Machinery Korea Inc.,www.ebara.co.kr,(본사) 82-31-665-0001                    (공장) 82-31-665-0001,82-31-665-0003,
2220,㈜한영,https://www.ksia.or.kr:443/ajax/ajax_member_c_info.php?idx=2220,https://www.ksia.or.kr:443/data/directory/2024/vPk9Rdw6_logo_5148122818_c40313cd8c8e5880584d41fb766d5a10cfe8a137.jpg,정무조,장비업체,㈜한영,HANYUNG,www.hyqaurtz.co.kr,(본사) 053-616-1081,053-616-1080,
2629,국제엘렉트릭코리아㈜,https://www.ksia.or.kr:443/ajax/ajax_member_c_info.php?idx=2629,https://www.ksia.or.kr:443/data/directory/2025/SJzOkRCi_logo_3128114634_22dd0213ca7d6042bf9afbcbc25e91b59107e03b.jpg,박용성,장비업체,국제엘렉트릭코리아㈜,"Kook Je Electric Korea Co.,Ltd.",www.kekorea.co.kr,(본사) 82-41-559-1705,82-41-621-3279,
2487,나노엑스,https://www.ksia.or.kr:443/ajax/ajax_member_c_info.php?idx=2487,https://www.ksia.or.kr:443/data/directory/2024/RJ8tcQB1_logo_3858600924_5cc4e6d522e98a5c4a00bd705fad9c2be5c563d3.jpg,박두진,장비업체,나노엑스,"NANO-X Co.,Ltd",https://nano-x.co.kr/,(본사) 031-278-6473                    (공장) 031-278-6473                    (연구소) 031-278-6473,031-278-6474,
2336,다이헨한국㈜,https://www.ksia.or.kr:443/ajax/ajax_member_c_info.php?idx=2336,https://www.ksia.or.kr:443/data/directory,니시모리 야스히로,장비업체,다이헨한국㈜,"DAIHEN Korea Co.,Ltd",http://www.daihen.co.kr/index.html,(본사) 82-31-686-7452                    (공장) 82-31-686-7452,82-31-686-7464,
2822,디아이티 주식회사,https://www.ksia.or.kr:443/ajax/ajax_member_c_info.php?idx=2822,https://www.ksia.or.kr:443/data/directory/2026/AKG1sNwF_logo_1248637544_4a7b81d8399911581f57b3082fcdf36ca20e8f61.ai,박종철,장비업체,디아이티 주식회사,DIT Corp.,http://www.okdit.co.kr,(본사) 031-831-7000                    (공장) 031-831-7000                    (연구소) 031-831-7000,031-831-7098,
2259,레이저쎌 주식회사,https://www.ksia.or.kr:443/ajax/ajax_member_c_info.php?idx=2259,https://www.ksia.or.kr:443/data/directory/2024/Ys4F6Dti_logo_4168602207_06ae95c49404297418f7fc43ffe28a94fd4e610e.png,안건준,장비업체,레이저쎌 주식회사,"LASERSSEL CO., LTD.",https://www.laserssel.com/,(본사) 031-373-0080                    (공장) 031-373-0080                    (연구소) 031-373-0080,FAX 없음,
2376,로체시스템즈㈜,https://www.ksia.or.kr:443/ajax/ajax_member_c_info.php?idx=2376,https://www.ksia.or.kr:443/data/directory,박기환,장비업체,로체시스템즈㈜,Rorze Systems Corporation,www.rorze.co.kr,(본사) 031-335-9100                          (연구소) 031-335-9100,031-337-1811,
2830,멜콘㈜,https://www.ksia.or.kr:443/ajax/ajax_member_c_info.php?idx=2830,https://www.ksia.or.kr:443/data/directory/2026/oYphrbI2_logo_1298168111_7a8f366a14c94bdab60e6edf31e8358fa1953b83.jpg,김성일,장비업체,멜콘㈜,"MELcon CO.,Ltd",www.melcon.co.kr,(본사) 031-737-9811                    (공장) 031-737-9811                    (연구소) 031-737-9811,031-737-9810,
2341,버슘머트리얼즈 한양기공㈜,https://www.ksia.or.kr:443/ajax/ajax_member_c_info.php?idx=2341,https://www.ksia.or.kr:443/data/directory/2024/D46CFuZ8_logo_1348105632_92c0a819100e699a9cbb8bd4180020824680c15d.jpg,김우규,장비업체,버슘머트리얼즈 한양기공㈜,"Versum Materials HYT, Inc.",www.merckgroup.com / www.vmhyt.co.kr,(본사) 82-31-500-8200,82-31-491-1746,
2463,부쉬코리아,https://www.ksia.or.kr:443/ajax/ajax_member_c_info.php?idx=2463,https://www.ksia.or.kr:443/data/directory,최윤진,장비업체,부쉬코리아,BUSCH KOREA,https://www.buschvacuum.com/,(본사) 031-645-2700                    (공장) 031-645-2700                    (연구소) 031-645-2700,031-631-2838,
2140,브이에이디인스트루먼트,https://www.ksia.or.kr:443/ajax/ajax_member_c_info.php?idx=2140,https://www.ksia.or.kr:443/data/directory/2024/m4WouXeE_logo_144-81-34361_780ce348d5d2e700ee51772fd34105f5d5e9c57b.jfif,송백균,장비업체,브이에이디인스트루먼트,VAD instrument,http://www.vadi.co.kr/main.php,(본사) 031-768-6581                     (공장) 031-768-6581                     (연구소) 031-768-6581,031-768-6586,
2758,브이엠(주),https://www.ksia.or.kr:443/ajax/ajax_member_c_info.php?idx=2758,https://www.ksia.or.kr:443/data/directory/2026/ACsv9IK6_logo_1248193411_a5a1cd659995f927440f8479829f5b74dabf385b.ai,임종필,장비업체,브이엠(주),VM Inc.,www.vmsemi.com,(본사) 031-645-1000                    (공장) 031-645-1000                    (연구소) 031-645-1000,031-645-1100,
2817,삼익티에이치케이,https://www.ksia.or.kr:443/ajax/ajax_member_c_info.php?idx=2817,https://www.ksia.or.kr:443/data/directory,진영환,장비업체,삼익티에이치케이,"SAMICK THK CO., LTD.",https://www.samickthk.co.kr/,(본사) 053-665-7000                    (공장) 031-650-3500                    (연구소) 031-650-3500,053-585-3577,
2638,세메스㈜,https://www.ksia.or.kr:443/ajax/ajax_member_c_info.php?idx=2638,https://www.ksia.or.kr:443/data/directory,심상필,장비업체,세메스㈜,SEMES,www.semes.com,(본사) 82-41-620-8000,82-41-620-8008,
2397,싸이머코리아,https://www.ksia.or.kr:443/ajax/ajax_member_c_info.php?idx=2397,https://www.ksia.or.kr:443/data/directory,신대용,장비업체,싸이머코리아,CYMER,WWW.CYMER.COM,(본사) 01099426074,03180152165,
2595,씨에스케이㈜,https://www.ksia.or.kr:443/ajax/ajax_member_c_info.php?idx=2595,https://www.ksia.or.kr:443/data/directory/2025/FyLcJVMw_logo_1298123036_9709c64bbd97317cd180257f48956f9fcd467589.jpg,윤재홍,장비업체,씨에스케이㈜,CSK,www.csk.kr,(본사) 82-31-781-3761,82-31-781-3768,
2607,아드반테스트코리아㈜,https://www.ksia.or.kr:443/ajax/ajax_member_c_info.php?idx=2607,https://www.ksia.or.kr:443/data/directory,츠카고시 소이치,장비업체,아드반테스트코리아㈜,"Advantest Korea Co., Ltd.",https://www.advantest.com/,(본사) 82-41-901-3900                    (공장) 041-901-3900                    (연구소) 041-901-3900,82-41-904-6102,
2469,에이씨엠리서치코리아,https://www.ksia.or.kr:443/ajax/ajax_member_c_info.php?idx=2469,https://www.ksia.or.kr:443/data/directory,김동균,장비업체,에이씨엠리서치코리아,ACM Research Korea,www.acmrech.com,(본사) 070-7758-6699                          (연구소) 070-7758-6699,031-707-6697,
2530,에이에스엠케이㈜,https://www.ksia.or.kr:443/ajax/ajax_member_c_info.php?idx=2530,https://www.ksia.or.kr:443/data/directory/2025/kdDBHcbg_logo_3148114834_a1ac9b7e36de258a38e05a0214586d9bd0c35b10.jpg,이영석,장비업체,에이에스엠케이㈜,"ASM Korea, Ltd.",www.asm.com,(본사) 031-5176-0000,031-,
2748,에이치비솔루션 주식회사,https://www.ksia.or.kr:443/ajax/ajax_member_c_info.php?idx=2748,https://www.ksia.or.kr:443/data/directory/2026/RBPGd4Ex_logo_1298144690_139e9413b5539bbef5415e41a4882066212b99af.png,이재원,장비업체,에이치비솔루션 주식회사,"HB SOLUTION CO., LTD.",http://www.hb-solution.co.kr/,(본사) 044-550-7500                    (공장) 044-550-7500                    (연구소) 044-550-7500,0503-8379-4524,
2244,엔비스아나㈜,https://www.ksia.or.kr:443/ajax/ajax_member_c_info.php?idx=2244,https://www.ksia.or.kr:443/data/directory/2024/FvO30xdK_logo_1388160087_b8d43d551c5595598c88f156bdcd75ac50ddee2c.jpg,임지윤,장비업체,엔비스아나㈜,"NvisANA Co., Ltd.",www.nvisana.com,(본사) 070-4202-0757,031-898-0757,
2477,엔에스엔텍,https://www.ksia.or.kr:443/ajax/ajax_member_c_info.php?idx=2477,https://www.ksia.or.kr:443/data/directory,김주남,장비업체,엔에스엔텍,nsntek,nsntek.com,(본사) 031-357-0744                    (공장) 031-357-0744                    (연구소) 031-357-0744,031-357-0745,
2459,엘에스이 주식회사,https://www.ksia.or.kr:443/ajax/ajax_member_c_info.php?idx=2459,https://www.ksia.or.kr:443/data/directory,이민근,장비업체,엘에스이 주식회사,"LSE Co.,Ltd",http://lse-r.com/,(본사) 031-274-3434                    (공장) 031-5186-7200                    (연구소) 031-274-3434,031-274-6191,
2386,엠에이티플러스㈜,https://www.ksia.or.kr:443/ajax/ajax_member_c_info.php?idx=2386,https://www.ksia.or.kr:443/data/directory,김동수,장비업체,엠에이티플러스㈜,"MAT PLUS.Co.,Ltd.",www.mat.co.kr,(본사) 82-31-659-0600                    (공장) 82-31-659-0640                    (연구소) 82-31-659-0640,82-31-659-0798,
2788,유니셈㈜,https://www.ksia.or.kr:443/ajax/ajax_member_c_info.php?idx=2788,https://www.ksia.or.kr:443/data/directory/2026/JZAB3gO0_logo_1248142101_9e902bbbdb42be44eb9de9df612f611934f688f4.jpg,김형균,장비업체,유니셈㈜,UNISEM,http://www.unisem.co.kr/,(본사) 82-31-379-5800                    (공장) 82-31-379-5800                    (연구소) 82-31-379-5800,82-31-379-5700,
2771,이솔,https://www.ksia.or.kr:443/ajax/ajax_member_c_info.php?idx=2771,https://www.ksia.or.kr:443/data/directory/2026/RKsmJ5bE_logo_417-88-00899_55a9ce1d5395ebed232d98eab4f8c306ffb35d64.png,김병국,장비업체,이솔,ESOL,www.euvsol.com,(본사) 031-5183-0800                          (연구소) 031-5183-0800,031-5183-0899,
2436,제너셈㈜,https://www.ksia.or.kr:443/ajax/ajax_member_c_info.php?idx=2436,https://www.ksia.or.kr:443/data/directory,한복우,장비업체,제너셈㈜,Genesem Inc.,,(본사) 82-32-810-8300,82-32-810-8401,
2390,주성엔지니어링㈜,https://www.ksia.or.kr:443/ajax/ajax_member_c_info.php?idx=2390,https://www.ksia.or.kr:443/data/directory,황철주,장비업체,주성엔지니어링㈜,"JUSUNG ENGINEERING Co., LTD.",www.jusung.com,(본사) 82-31-760-7000                          (연구소) 82-31-760-7000,82-31-760-7070,
2791,주식회사 마인즈아이,https://www.ksia.or.kr:443/ajax/ajax_member_c_info.php?idx=2791,https://www.ksia.or.kr:443/data/directory/2026/WpwidQNV_logo_1298687170_ed2269de48791f77e44feb4baab832075be091e2.JPG,홍지중,장비업체,주식회사 마인즈아이,"MINDSEYE CO.,LTD",www.mindseyes.co.kr,(본사) 031-360-0910,031-360-0920,
2455,주식회사 베셀,https://www.ksia.or.kr:443/ajax/ajax_member_c_info.php?idx=2455,https://www.ksia.or.kr:443/data/directory,권현기,장비업체,주식회사 베셀,"VESSEL CO.,LTD.",http://www.vessel21.com/,(본사) 031-683-3953                    (공장) 031-683-3953                    (연구소) 031-683-3953,031-235-9194,
2711,주식회사 비엔에스알,https://www.ksia.or.kr:443/ajax/ajax_member_c_info.php?idx=2711,https://www.ksia.or.kr:443/data/directory/2026/EameSopl_logo_660-81-02508_8e13bc0a23718160a22d037bf4c32dd9359d5a8b.png,최경훈,장비업체,주식회사 비엔에스알,"BNSR Co.,ltd.",www.bnsr.co.kr,(본사) 031-296-2074                    (공장) 031-296-2074                    (연구소) 031-296-2074,031-2296-2078,
2702,주식회사 아이에스티이,https://www.ksia.or.kr:443/ajax/ajax_member_c_info.php?idx=2702,https://www.ksia.or.kr:443/data/directory/2026/lPk9s5Up_logo_1358635890_8b5b66b98c7c6d5b929d201f12848ca3157413d0.jpg,조창현,장비업체,주식회사 아이에스티이,"ISTE Co.,Ltd.",http://www.iste.co.kr/,(본사) 031-548-2588                    (공장) 031-548-2588                    (연구소) 031-548-2588,031-548-2589,
2524,주식회사 아이엠티,https://www.ksia.or.kr:443/ajax/ajax_member_c_info.php?idx=2524,https://www.ksia.or.kr:443/data/directory/2025/kSq1U8ej_logo_135-81-42061_de16c3fec3e9ad97773205fbddcbb031fdd83a08.png,최재성,장비업체,주식회사 아이엠티,"IMT Co.,Ltd.",www.imt-c.co.kr,(본사) 031-8047-3400,031-8047-3499,
2811,주식회사 원익아이피에스,https://www.ksia.or.kr:443/ajax/ajax_member_c_info.php?idx=2811,https://www.ksia.or.kr:443/data/directory/2026/12Bve3QF_logo_6958100374_0220dc7a4b8d0a7c5dcf74a2755927d019569b4f.jpg,안태혁,장비업체,주식회사 원익아이피에스,"WONIK IPS Co., Ltd",http://www.ips.co.kr,(본사) 031-8047-7000,031-8047-7081,
2812,주식회사 이큐셀,https://www.ksia.or.kr:443/ajax/ajax_member_c_info.php?idx=2812,https://www.ksia.or.kr:443/data/directory/2026/21zDYCGA_logo_1378161860_fadafa729600df2ed7840e6b04b7f995d08e7b32.png,이한규,장비업체,주식회사 이큐셀,"EQUIPMENT CELL CO.,LTD",http://www.eqcell.co.kr,(본사) 031-299-3888                    (공장) 031-299-3888                    (연구소) 031-299-3874,031-299-3889,
2290,주식회사 저스템,https://www.ksia.or.kr:443/ajax/ajax_member_c_info.php?idx=2290,https://www.ksia.or.kr:443/data/directory,임영진,장비업체,주식회사 저스템,justem,http://www.justem.co.kr/,(본사) 031-831-2861,031-8077-9650,
630,주식회사 젠,https://www.ksia.or.kr:443/ajax/ajax_member_c_info.php?idx=630,https://www.ksia.or.kr:443/data/directory,강종근,장비업체,주식회사 젠,GEN,www.gencell.co.kr,(본사) 031-273-9421                    (공장) 031-273-9421,031-205-0317,
2384,주식회사 지아이에스,https://www.ksia.or.kr:443/ajax/ajax_member_c_info.php?idx=2384,https://www.ksia.or.kr:443/data/directory,황성일,장비업체,주식회사 지아이에스,GIS,www.neontech.co.kr,(본사) 82-31-352-8740~03,82-31-352-8701,
2468,주식회사 크레셈,https://www.ksia.or.kr:443/ajax/ajax_member_c_info.php?idx=2468,https://www.ksia.or.kr:443/data/directory,오상민,장비업체,주식회사 크레셈,cressem co. Ltd,http://www.cressem.com/,(본사) 031-427-3445                    (공장) 031-427-3445                    (연구소) 031-427-3445,031-427-3445,
2677,주식회사 티에스케이코퍼레이션,https://www.ksia.or.kr:443/ajax/ajax_member_c_info.php?idx=2677,https://www.ksia.or.kr:443/data/directory/2025/IT3hqXUN_logo_4798103482_f1136ce388499be8a2b063ddaa08cbe78727871b.pdf,노상수,장비업체,주식회사 티에스케이코퍼레이션,tskcorporation,http://tskcorp.kr,(본사) 031-8058-8935,031-328-8901,
2509,주식회사 펨트론,https://www.ksia.or.kr:443/ajax/ajax_member_c_info.php?idx=2509,https://www.ksia.or.kr:443/data/directory/2024/76FodDGv_logo_2148703174_a639e908edfd3924ada4fcdb6b33e7d4668a111c.JPG,유영웅,장비업체,주식회사 펨트론,PEMTRON Corp.,https://www.pemtron.com/,(본사) 02-1833-5220                    (공장) 02-1833-5220                    (연구소) 02-1833-5220,02-2160-5050,
2814,주식회사 프로텍,https://www.ksia.or.kr:443/ajax/ajax_member_c_info.php?idx=2814,https://www.ksia.or.kr:443/data/directory/2026/UD9pT1cq_logo_1338134226_673093efa40cf8d8840cd42a0f748cb2821262ef.jpg,최승환,장비업체,주식회사 프로텍,"PROTEC Co.,Ltd",www.protec21.co.kr,(본사) 82-31-470-0728                    (공장) 82-31-470-0728                    (연구소) 82-31-470-0728,82-31-470-0701,
2420,청진테크㈜,https://www.ksia.or.kr:443/ajax/ajax_member_c_info.php?idx=2420,https://www.ksia.or.kr:443/data/directory,김순철,장비업체,청진테크㈜,chungjintech,www.chungjintech.com,(본사) 82-31-719-8439,82-31-719-9439,
2768,코닉오토메이션,https://www.ksia.or.kr:443/ajax/ajax_member_c_info.php?idx=2768,https://www.ksia.or.kr:443/data/directory/2026/UToDIapE_logo_3998702253_512f525659a62b4c9558fc3dcb3896a2bf7c87fc.jpg,김혁,장비업체,코닉오토메이션,KORNIC Automation,Kornic.co.kr/kr,(본사) 031-831-4400                    (공장) 031-831-4400                    (연구소) 042-867-1601,031-831-4405,
2168,코리아테크노㈜,https://www.ksia.or.kr:443/ajax/ajax_member_c_info.php?idx=2168,https://www.ksia.or.kr:443/data/directory/2024/2vjzXTFM_logo_1298123638_0153c05ca44a74a03e1a70827ae0df6311e1514a.jpg,송낙현,장비업체,코리아테크노㈜,"KOREA TECHNO CO.,LTD.",www.ktsemi.co.kr,(본사) 031-781-0033                    (공장) 031-781-0033                    (연구소) 031-781-0033,031-781-0032,
2498,파인솔루션,https://www.ksia.or.kr:443/ajax/ajax_member_c_info.php?idx=2498,https://www.ksia.or.kr:443/data/directory/2024/xaJuj1Q0_logo_3408600014_5e1ef662622f3a0c4626a3dcc66facedb342c02b.png,이기연,장비업체,파인솔루션,pinesolution,pinesolution.co.kr,(본사) 0316639556,0316639557,
2273,파크시스템스㈜,https://www.ksia.or.kr:443/ajax/ajax_member_c_info.php?idx=2273,https://www.ksia.or.kr:443/data/directory/2024/UyuDOxLA_logo_214-86-15106_987cb11317a3c6fdb8726ce6a7ace3325b64d2bc.jpg,박상일,장비업체,파크시스템스㈜,Park Systems Corp.,https://www.parksystems.com/,(본사) 031-546-6800                    (공장) 031-546-6865                    (연구소) 031-546-6800,031-546-6805,
2361,피에스케이㈜,https://www.ksia.or.kr:443/ajax/ajax_member_c_info.php?idx=2361,https://www.ksia.or.kr:443/data/directory,이경일,장비업체,피에스케이㈜,PSK Inc.,http://www.psk-inc.com,(본사) 031-660-8703,031-665-4520,
2482,피에스케이홀딩스㈜,https://www.ksia.or.kr:443/ajax/ajax_member_c_info.php?idx=2482,https://www.ksia.or.kr:443/data/directory,박경수,장비업체,피에스케이홀딩스㈜,PSK Holdings Inc.,www.pskholding.com,(본사) 031-660-8700,031-665-4520,
2773,한국알박㈜,https://www.ksia.or.kr:443/ajax/ajax_member_c_info.php?idx=2773,https://www.ksia.or.kr:443/data/directory/2026/B3Q8V4r7_logo_2148190298_d74ccb429305aa396cbead702e6ed51b98fcfb20.jpg,최승수,장비업체,한국알박㈜,"ULVAC KOREA, Ltd.",www.ulvackorea.co.kr,(본사) 031-683-2922                    (공장) 031-617-9500                    (연구소) 031-683-2922,031-683-9034,
2605,한미반도체,https://www.ksia.or.kr:443/ajax/ajax_member_c_info.php?idx=2605,https://www.ksia.or.kr:443/data/directory,곽동신,장비업체,한미반도체,HANMI Semiconductor,www.hanmisemi.com,(본사) 82-31-571-9100,82-32-571-9101,
2149,한화세미텍 주식회사,https://www.ksia.or.kr:443/ajax/ajax_member_c_info.php?idx=2149,https://www.ksia.or.kr:443/data/directory,,장비업체,한화세미텍 주식회사,"Hanwha Semitech Co., Ltd",https://www.hanwha-pm.com/ko/,(본사) 070-7147-7000,031-724-0341,
2712,(주)브이에이디인스트루먼트,https://www.ksia.or.kr:443/ajax/ajax_member_c_info.php?idx=2712,https://www.ksia.or.kr:443/data/directory/2026/mn9aAyrk_logo_1448134361_4380dc3ecdb85efb8cd93e6b1e5aa4e9dc4e2677.ai,송백균,부분품업체,(주)브이에이디인스트루먼트,Vad instronemet,http://www.vadi.co.kr,(본사) 031-768-6581                    (공장) 031-768-6581                    (연구소) 031-768-6581,031-768-6586,
2533,(주)에이엔텍,https://www.ksia.or.kr:443/ajax/ajax_member_c_info.php?idx=2533,https://www.ksia.or.kr:443/data/directory/2025/TqWEH57C_logo_1248650299_6dff46efbb9d656314cedf9e7ed328827ec01d52.bmp,장남식,부분품업체,(주)에이엔텍,"antek.co.,Ltd",www.antek.co.kr,(본사) 031-239-2547                    (공장) 031-239-2547,031-239-3664,
2534,(주)오킨스전자,https://www.ksia.or.kr:443/ajax/ajax_member_c_info.php?idx=2534,https://www.ksia.or.kr:443/data/directory/2025/CnbH1VBG_logo_1388116581_6616c42fe00e623be334a689b860ea19388a61a9.png,전진국,부분품업체,(주)오킨스전자,"OKins Electronics Co.,LTD",okins.co.kr,(본사) 031-460-3500                    (공장) 031-357-8371                    (연구소) 031-460-3500,031-460-3588,
2827,㈜금강쿼츠,https://www.ksia.or.kr:443/ajax/ajax_member_c_info.php?idx=2827,https://www.ksia.or.kr:443/data/directory/2026/nZrMgkIS_logo_1248148314_6132b72674f65bdcd5de5f92b0ad55333e461c61.PNG,김창길,부분품업체,㈜금강쿼츠,"KUMKANG QUARTZ CO., LTD.",www.kkquartz.co.kr,(본사) 82-31-370-5200,82-31-376-9451,
2329,㈜네프코,https://www.ksia.or.kr:443/ajax/ajax_member_c_info.php?idx=2329,https://www.ksia.or.kr:443/data/directory,박중철,부분품업체,㈜네프코,"NEPCO CO.,LTD",www.nepco.co.kr,(본사) 031-492-4291                    (공장) 031-492-4291                    (연구소) 031-492-4291,031-493-3609,
2614,㈜뉴파워프라즈마,https://www.ksia.or.kr:443/ajax/ajax_member_c_info.php?idx=2614,https://www.ksia.or.kr:443/data/directory/2025/AxQNyRGk_logo_2128144110_f4348a2d97789eb8fd8ed3135b3e5e76d96d8794.pdf,양재영,부분품업체,㈜뉴파워프라즈마,"New Power Plasma Co.,Ltd.",www.newpower.co.kr,(본사) 82-31-612-7600                          (연구소) 82-31-612-7614,82-31-612-7699,
2604,㈜디에스테크노,https://www.ksia.or.kr:443/ajax/ajax_member_c_info.php?idx=2604,https://www.ksia.or.kr:443/data/directory/2025/4G1rKICs_logo_1268143237_a9b35cc8a40d9aff2c0434c3729caa206efcd6ad.JPG,안학준,부분품업체,㈜디에스테크노,"DS TECHNO.,LTD.",www.dstechno.co.kr,(본사) 031-8026-0700                    (공장) 031-8026-0700                    (연구소) 033-655-1277,031-8026-0707,
2282,㈜메카로,https://www.ksia.or.kr:443/ajax/ajax_member_c_info.php?idx=2282,https://www.ksia.or.kr:443/data/directory,이재정/박영순,부분품업체,㈜메카로,Mecaro,www.mecaro.com,(본사) 82-70-4134-5819,82-31-663-4479,
2741,㈜미코,https://www.ksia.or.kr:443/ajax/ajax_member_c_info.php?idx=2741,https://www.ksia.or.kr:443/data/directory,전선규,부분품업체,㈜미코,MiCo Ltd.,www.mico.kr,(본사) 031-612-6299                    (공장) 031-220-9810,031-612-6237,
2360,㈜쎄미콤,https://www.ksia.or.kr:443/ajax/ajax_member_c_info.php?idx=2360,https://www.ksia.or.kr:443/data/directory,이현희,부분품업체,㈜쎄미콤,"Semicom Co., Ltd.",http://www.semikom.co.kr,(본사) 82-31-8011-2380                          (연구소) 82-31-8011-2380,82-31-8011-2387,
2753,㈜아센디아,https://www.ksia.or.kr:443/ajax/ajax_member_c_info.php?idx=2753,https://www.ksia.or.kr:443/data/directory/2026/Fm7Ts9iX_logo_1428109833_2dcd5004aa0584c9a59055652125d367f65224d0.jpg,박문수,부분품업체,㈜아센디아,"ASENDIA Co., Ltd.",http://www.asendia-global.com,(본사) 031-329-0000                    (공장) 031-329-0000                    (연구소) 031-329-0000,031-329-0001,
2170,㈜아이에스시,https://www.ksia.or.kr:443/ajax/ajax_member_c_info.php?idx=2170,https://www.ksia.or.kr:443/data/directory/2024/B1UmXYvS_logo_1298140132_925efb8e8d3d687cf4efd2b900294b73590018d7.jpg,김정렬,부분품업체,㈜아이에스시,"ISC CO.,LTD",www.isc21.kr,(본사) 82-31-777-7675                          (연구소)  82-31-777-7675,82-31-777-7699,
2734,㈜알파플러스,https://www.ksia.or.kr:443/ajax/ajax_member_c_info.php?idx=2734,https://www.ksia.or.kr:443/data/directory/2026/xzQSb9El_logo_5068136193_a9150bbdf5159d31b1c03317282ec9d25cc3d574.jpg,문일권,부분품업체,㈜알파플러스,"ALPHAPLUS Co., Ltd.",www.alpha-plus.co.kr,(본사) 041-547-2390,041-547-2398,
2442,㈜에어포인트,https://www.ksia.or.kr:443/ajax/ajax_member_c_info.php?idx=2442,https://www.ksia.or.kr:443/data/directory,백승준,부분품업체,㈜에어포인트,"AIRPOINT CO., LTD.",www.airpoint.co.kr,(본사) 82-42-484-5460                          (연구소) 82-31-708-5469,82-42-584-5460,
2737,㈜엘오티베큠,https://www.ksia.or.kr:443/ajax/ajax_member_c_info.php?idx=2737,https://www.ksia.or.kr:443/data/directory/2026/vw2COgHf_logo_3128156143_ed9aabbbe0ff0dfcc23d475d82032989ea5330a5.jpg,오흥식,부분품업체,㈜엘오티베큠,"LOT VACUUM Co., Ltd.",www.lotvacuum.com,(본사) 031-8036-5701                    (공장) 031-8036-5701                    (연구소) 031-8036-5701,031-8036-5720,
2772,㈜원익큐엔씨,https://www.ksia.or.kr:443/ajax/ajax_member_c_info.php?idx=2772,https://www.ksia.or.kr:443/data/directory/2026/ZlcdWESa_logo_5138131648_53c194d90c093ee13f0b47fa268309ae2da83788.ai,백홍주,부분품업체,㈜원익큐엔씨,WONIK QnC Corporation,www.wonikqnc.com,(본사) 82-54-479-9500                    (공장) 82-54-479-9800                    (연구소) 82-54-479-9805,82-54-479-2680,
2746,㈜윌비에스엔티,https://www.ksia.or.kr:443/ajax/ajax_member_c_info.php?idx=2746,https://www.ksia.or.kr:443/data/directory/2026/2ibZHw8A_logo_1308128045_a3949b431e7406286ef33b0b8a4d3e90b58b1b07.jpg,김진우,부분품업체,㈜윌비에스엔티,"WILL BE SNT Co.,LTD",www.willbesnt.com,(본사) 031-376-2114                    (공장) 031-376-2114                    (연구소) 031-376-2114,031-376-2115,
2446,㈜유민에쓰티,https://www.ksia.or.kr:443/ajax/ajax_member_c_info.php?idx=2446,https://www.ksia.or.kr:443/data/directory,김동환,부분품업체,㈜유민에쓰티,"Yuminst Co,. Ltd",yuminst.co.kr,(본사) 031) 429-6873                          (연구소) 031) 429-6873,031) 429-6874,
2636,㈜유시스템,https://www.ksia.or.kr:443/ajax/ajax_member_c_info.php?idx=2636,https://www.ksia.or.kr:443/data/directory,유근재,부분품업체,㈜유시스템,U-System,www.u-system.co.kr,(본사) 031-666-7237~8                    (공장) 031-666-7237~8                    (연구소) 031-666-7237~8,031-666-7239,
2400,㈜케이에스티이,https://www.ksia.or.kr:443/ajax/ajax_member_c_info.php?idx=2400,https://www.ksia.or.kr:443/data/directory,이두로,부분품업체,㈜케이에스티이,KSTE Inc.,www.kste.co.kr,(본사) 82-31-768-8847,82-31-768-8860,
2829,㈜코리아인스트루먼트,https://www.ksia.or.kr:443/ajax/ajax_member_c_info.php?idx=2829,https://www.ksia.or.kr:443/data/directory/2026/6flDuvcY_logo_2158154636_1ad0b3ba9cd236ae0527b0cb0818ee82cfc5c0fe.png,오성탁,부분품업체,㈜코리아인스트루먼트,"Korea Instrument Co., Ltd.",www.kicl.co.kr,(본사) 82-31-375-5900,82-31-375-5930,
2363,㈜티로보틱스,https://www.ksia.or.kr:443/ajax/ajax_member_c_info.php?idx=2363,https://www.ksia.or.kr:443/data/directory,안승욱,부분품업체,㈜티로보틱스,"T-Robotics co., Ltd.",www.t-robotics.net,(본사) 82-31-716-4507,82-31-374-9238,
2750,㈜티씨케이,https://www.ksia.or.kr:443/ajax/ajax_member_c_info.php?idx=2750,https://www.ksia.or.kr:443/data/directory/2026/l73Yf6Fb_logo_1258119772_fdf2014e20d5204065b20388d2af7ab4f3ce0763.ai,오창민,부분품업체,㈜티씨케이,TOKAI CARBON KOREA,http://www.tck.co.kr/,(본사)  031-677-0277,031-677-0276,
2688,㈜파웰 코퍼레이션,https://www.ksia.or.kr:443/ajax/ajax_member_c_info.php?idx=2688,https://www.ksia.or.kr:443/data/directory,강창수,부분품업체,㈜파웰 코퍼레이션,"Powel Corporation Co.,Ltd.",http://www.powelcorp.com,(본사) 031-206-2612,031-206-2614,
2225,㈜핫앤쿨,https://www.ksia.or.kr:443/ajax/ajax_member_c_info.php?idx=2225,https://www.ksia.or.kr:443/data/directory/2024/EJqMAQ4V_logo_1428127414_93c72e83eadc7df39a7671d10dfdf5349845055f.jpg,강태근,부분품업체,㈜핫앤쿨,"Hot & Cool, Inc.",www.hnc2.com,(본사) 031-762-6900                    (공장) 031-762-6900                    (연구소) 031-762-6900,031-762-6006,
2600,리노공업㈜,https://www.ksia.or.kr:443/ajax/ajax_member_c_info.php?idx=2600,https://www.ksia.or.kr:443/data/directory/2025/WfmKqSER_logo_6038129824_ae1701ae0afe4c830332b1c1f978f673ddbb87ed.jpg,이채윤,부분품업체,리노공업㈜,LEENO INDUSTRIAL INC,www.leeno.co.kr,(본사) 82-51-831-3232,82-51-831-3233,
2461,리얼센,https://www.ksia.or.kr:443/ajax/ajax_member_c_info.php?idx=2461,https://www.ksia.or.kr:443/data/directory,임철환,부분품업체,리얼센,realsen,realsen.kr,(본사) 042-864-1181,없음,
2792,모벤시스,https://www.ksia.or.kr:443/ajax/ajax_member_c_info.php?idx=2792,https://www.ksia.or.kr:443/data/directory/2026/74wS5VFU_logo_3128662688_99fa12b15d1fc54f2fcc85a52a5a3d4e7316c09e.jpg,김기훈,부분품업체,모벤시스,Movensys,https://www.movensys.com/,(본사) 031-895-5066                          (연구소) 031-895-5066,070-4015-5066,
2131,보부하이테크,https://www.ksia.or.kr:443/ajax/ajax_member_c_info.php?idx=2131,https://www.ksia.or.kr:443/data/directory/2024/2ReYLAOS_logo_106 8147224_b946bdbca4f4e26c054ccc813e019f85012dfab9.png,왕동민,부분품업체,보부하이테크,Boboo Hitech,http://boboohitech.co.kr,(본사) 031-763-3200,031-763-5400,
2145,아스플로,https://www.ksia.or.kr:443/ajax/ajax_member_c_info.php?idx=2145,https://www.ksia.or.kr:443/data/directory/2024/9XGUCy0H_logo_134-81-76326_509f4d12707308e798c65f3024d3dc4e0cfbaa04.JPG,강두홍,부분품업체,아스플로,asflow,www.asflow.com,(본사) 031-352-2301                          (연구소) 031-352-2301,031-377-2309,
2159,에드워드 코리아,https://www.ksia.or.kr:443/ajax/ajax_member_c_info.php?idx=2159,https://www.ksia.or.kr:443/data/directory/2024/FRpEwHt5_logo_3128112960_2a176a0ba6978a897f5aaeab1b03d831dc1b136e.png,윤재홍,부분품업체,에드워드 코리아,Edwards Korea Limited,www.edwardsvacuum.com/ko,(본사) 031-716-7070                    (공장) 041-622-7070,031-710-2224,
2147,에스케이엔펄스 주식회사,https://www.ksia.or.kr:443/ajax/ajax_member_c_info.php?idx=2147,https://www.ksia.or.kr:443/data/directory/2024/vTBi3GFj_logo_1258116042_30fc1783671d74e68a532f341d34db936eaf451e.jpg,김종우,부분품업체,에스케이엔펄스 주식회사,"SK enpulse Co., Ltd.",http://www.skenpulse.com,(본사) 031-664-8400,031-664-8876,
2471,엠케이프리시젼㈜,https://www.ksia.or.kr:443/ajax/ajax_member_c_info.php?idx=2471,https://www.ksia.or.kr:443/data/directory,민병광,부분품업체,엠케이프리시젼㈜,MKPRECISION,www.mkp.kr,(본사) 031-362-6850                    (공장) 031-362-6850                    (연구소) 031-362-6850,0303-0950-0366,
2470,엠케이프리시젼주식회사,https://www.ksia.or.kr:443/ajax/ajax_member_c_info.php?idx=2470,https://www.ksia.or.kr:443/data/directory,민병광,부분품업체,엠케이프리시젼주식회사,"MKPRECISION.,LTD",mkp.kr,(본사) 031-362-6850                    (공장) 031-362-6850                    (연구소) 031-362-6850,0303-0950-0366,
2831,엠케이피 주식회사,https://www.ksia.or.kr:443/ajax/ajax_member_c_info.php?idx=2831,https://www.ksia.or.kr:443/data/directory/2026/gU2FuiyC_logo_2308700261_475dcef418cf1253d66427eb77b8889098d84f87.ai,전석환,부분품업체,엠케이피 주식회사,"MKP Co.,Ltd.",www.mkpsemi.com,(본사) 82-31-613-3359,82-303-0950-3360,
2372,영신쿼츠㈜,https://www.ksia.or.kr:443/ajax/ajax_member_c_info.php?idx=2372,https://www.ksia.or.kr:443/data/directory,이치완,부분품업체,영신쿼츠㈜,YOUNGSHIN QUARTZ,www.ysq.co.kr,(본사) 82-43-535-2338                    (공장) 82-43-535-2338,82-43-535-2337,
2271,이화다이아몬드공업㈜,https://www.ksia.or.kr:443/ajax/ajax_member_c_info.php?idx=2271,https://www.ksia.or.kr:443/data/directory,김재희,부분품업체,이화다이아몬드공업㈜,EHWA DIAMOND IND.CO.LTD.,www.ehwadia.co.kr,(본사) 82-31-370-0611                    (공장) 82-31-370-9046                    (연구소) 82-31-370-9046,82-31-370-0605,
2580,인아오리엔탈모터㈜,https://www.ksia.or.kr:443/ajax/ajax_member_c_info.php?idx=2580,https://www.ksia.or.kr:443/data/directory/2025/cjqEwOSx_logo_1398128682_13d67f01e4957286bb654007d987736f1ebb4003.jpg,신동진,부분품업체,인아오리엔탈모터㈜,"INA ORIENTAL MOTOR CO., LTD",www.inaom.co.kr,(본사) 82-32-819-8721                    (공장) 82-32-819-8721                    (연구소) 82-2-2026-0650,82-32-819-8671,
2763,일진다이아몬드(주),https://www.ksia.or.kr:443/ajax/ajax_member_c_info.php?idx=2763,https://www.ksia.or.kr:443/data/directory/2026/L6f9Mdc2_logo_303-81-40972_7094b19d6162300c4bc6bcfbef306dd15ff59d1f.jpg,박성진,부분품업체,일진다이아몬드(주),"ILJIN DIAMOND CO., LTD.",https://www.iljindiamond.co.kr/,(본사) 043-870-9200                    (공장) 043-870-9200                    (연구소) 043-870-9253,043-870-9279,
2774,주식회사 미코세라믹스,https://www.ksia.or.kr:443/ajax/ajax_member_c_info.php?idx=2774,https://www.ksia.or.kr:443/data/directory/2026/tJFSbsWT_logo_5528101912_977200177218af31d039215c10961e117141e919.png,최용하,부분품업체,주식회사 미코세라믹스,MiCo Ceramics Ltd.,www.micoceramics.com,(본사) 82-31-610-6129                    (공장) 82-31-610-7972                    (연구소) 82-31-610-7972,82-31-612-6237,
2423,주식회사 콤델코리아,https://www.ksia.or.kr:443/ajax/ajax_member_c_info.php?idx=2423,https://www.ksia.or.kr:443/data/directory,주민수,부분품업체,주식회사 콤델코리아,"ComdelKorea Co., Ltd.",www.comdel.co.kr,(본사) 031-306-4780,031-264-6967,
2826,주식회사 피엠씨,https://www.ksia.or.kr:443/ajax/ajax_member_c_info.php?idx=2826,https://www.ksia.or.kr:443/data/directory/2026/bF6afyH2_logo_884-86-01944_253ba3619866b74d04bcbfc4156cfdfc87f308fb.png,가수현,부분품업체,주식회사 피엠씨,PMC Corporation,www.pmccorp.kr,(본사) 031-5186-6402,031-5186-6403,
2286,케이케이테크㈜,https://www.ksia.or.kr:443/ajax/ajax_member_c_info.php?idx=2286,https://www.ksia.or.kr:443/data/directory/2024/LXSovYwu_logo_125-81-62167_ae88fcc3ab1f708ff3be43a9ddbf3899e1d81258.jpg,김경하,부분품업체,케이케이테크㈜,"Kashiyama·K·Tech Co.,Ltd",www.k-ktech.co.kr,(본사) 82-31-678-1500,82-31-678-1555,
2426,코리아스펙트랄프로덕츠㈜,https://www.ksia.or.kr:443/ajax/ajax_member_c_info.php?idx=2426,https://www.ksia.or.kr:443/data/directory,,부분품업체,코리아스펙트랄프로덕츠㈜,KOREA SPECTRAL PRODUCTS,www.ksp.co.kr,(본사) 82-2-2109-8871,82-2-2109-8872,
2740,코미코,https://www.ksia.or.kr:443/ajax/ajax_member_c_info.php?idx=2740,https://www.ksia.or.kr:443/data/directory/2026/1phNzxHe_logo_1258614826_293025ce5b629b13247e2b4b9d2bafa6910369b3.PNG,최용하,부분품업체,코미코,KoMiCo LTD.,www.komico.com,(본사) 031-8056-5800                    (공장) 031-8024-9200                    (연구소) 031-8056-5800,031-677-8830,
2283,한국오츠카전자 (주),https://www.ksia.or.kr:443/ajax/ajax_member_c_info.php?idx=2283,https://www.ksia.or.kr:443/data/directory/2024/XjgRqDvO_logo_1298164473_e844f0d96ed864d62bf131e559fbe15ae7fe6540.ai,김대형,부분품업체,한국오츠카전자 (주),Otsuka Electronics Korea,www.otsukael.co.kr,(본사) 82-31-766-8411,82-70-7500-9460,
2381,(유)시높시스코리아,https://www.ksia.or.kr:443/ajax/ajax_member_c_info.php?idx=2381,https://www.ksia.or.kr:443/data/directory,Richard Scott Mahoney,외국업체,(유)시높시스코리아,"Synopsys Korea, Inc.",www.synopsys.com,(본사) 650-584-5000,650-584-8637,
2593,㈜실바코코리아,https://www.ksia.or.kr:443/ajax/ajax_member_c_info.php?idx=2593,https://www.ksia.or.kr:443/data/directory/2025/dyrXg78l_logo_2078141504_43caf000990c26311cc2117b34793bce3b5b56aa.jpg,황만규,외국업체,㈜실바코코리아,"Silvaco Korea Co.,Ltd.",www.silvaco.com,(본사) 02-447-5421,02-447-5420,
2374,㈜엑시트론,https://www.ksia.or.kr:443/ajax/ajax_member_c_info.php?idx=2374,https://www.ksia.or.kr:443/data/directory,이남규,외국업체,㈜엑시트론,"AIXTRON Korea Co.,Ltd",www.aixtron.com,(본사) 82-31-371-3000,82-31-371-3093,
2208,니콘프레시전코리아㈜,https://www.ksia.or.kr:443/ajax/ajax_member_c_info.php?idx=2208,https://www.ksia.or.kr:443/data/directory,Ishida Shinichi (이시다 신이치),외국업체,니콘프레시전코리아㈜,NIKON PRECISION KOREA LTD.,해당사항없음,(본사) 82-31-288-5629,82-31-288-5799,
2738,도쿄일렉트론코리아㈜,https://www.ksia.or.kr:443/ajax/ajax_member_c_info.php?idx=2738,https://www.ksia.or.kr:443/data/directory/2026/lQrHWuhM_logo_1358184038_5d76351c6a74f5e3f6cc3992f2e09faa8e5234d8.png,노태우,외국업체,도쿄일렉트론코리아㈜,Tokyo Electron Korea Ltd.,www.tel.com,(본사) 031-260-5000                    (공장) 031-260-5000                    (연구소) 031-260-5000,031-260-5290,
2339,램리서치코리아 유한회사,https://www.ksia.or.kr:443/ajax/ajax_member_c_info.php?idx=2339,https://www.ksia.or.kr:443/data/directory,,외국업체,램리서치코리아 유한회사,Lam Research Korea,www.lamresearch.com/ko,(본사) 82-31-710-6600                    (공장) 82-31-8055-4900                    (연구소) 82-31-5174-8345,-,
2666,매슨인터내셔널코리아㈜,https://www.ksia.or.kr:443/ajax/ajax_member_c_info.php?idx=2666,https://www.ksia.or.kr:443/data/directory,조풍연,외국업체,매슨인터내셔널코리아㈜,Mattson International Korea Co.,www.mattson.com,(본사) 82-31-8077-1000,82-31-8077-1010,
2270,머크 퍼포먼스머티리얼즈,https://www.ksia.or.kr:443/ajax/ajax_member_c_info.php?idx=2270,https://www.ksia.or.kr:443/data/directory/2024/JRclQ4xW_logo_1258140784 외 _455b29f279a3f6a40355a0117b7ff44a8afe9f43.jpg,김우규,외국업체,머크 퍼포먼스머티리얼즈,Merck Performance Materials,www.merck.co.kr,(본사) 031-680-7300,031-680-7399,
2300,버커트코리아㈜,https://www.ksia.or.kr:443/ajax/ajax_member_c_info.php?idx=2300,https://www.ksia.or.kr:443/data/directory/2024/sxJ27zVm_logo_2138626406_29495374e510cba003d98b2bc09e4e6b3e9dc440.jpg,최지호,외국업체,버커트코리아㈜,Burkert Korea,burkertkorea.com,(본사) 82-2-3462-5592,82-2-3462-5594,
2218,어플라이드머티어리얼즈코리아㈜,https://www.ksia.or.kr:443/ajax/ajax_member_c_info.php?idx=2218,https://www.ksia.or.kr:443/data/directory/2024/xp8NGOaJ_logo_3128114779_b04d8a5193ed965a5d06ccc48c95ca16ceb89c2c.EPS,박광선,외국업체,어플라이드머티어리얼즈코리아㈜,APPLIED MATERIALS KOREA,www.appliedmaterials.com/ko,(본사) 82-31-724-7000,82-31-724-7000,
2316,에이에스엠엘코리아(유),https://www.ksia.or.kr:443/ajax/ajax_member_c_info.php?idx=2316,https://www.ksia.or.kr:443/data/directory,이우경,외국업체,에이에스엠엘코리아(유),ASML Korea,www.asml.com,(본사) 82-31-379-1500,82-31-379-1895,
2171,엑셀리스코리아㈜,https://www.ksia.or.kr:443/ajax/ajax_member_c_info.php?idx=2171,https://www.ksia.or.kr:443/data/directory/2024/hdTFN7qt_logo_1258117866_bac447572b29df1a0bcb31ed573642f1c1bf9fc3.jpg,박영근,외국업체,엑셀리스코리아㈜,Axcelis Technologies Korea Limited,www.axcelis.com,(본사) 82-31-695-8700                    (공장) 031-8006-4600,82-31-8015-0686,
2608,인피니언테크놀로지스코리아(유),https://www.ksia.or.kr:443/ajax/ajax_member_c_info.php?idx=2608,https://www.ksia.or.kr:443/data/directory,이승수,외국업체,인피니언테크놀로지스코리아(유),"Infineon Technologies Korea Co.,LLC.",www.infineon.kr,(본사) 02-3460-0900,02-3460-0902,
2222,주식회사 한국요코오,https://www.ksia.or.kr:443/ajax/ajax_member_c_info.php?idx=2222,https://www.ksia.or.kr:443/data/directory/2024/AVOZLWkC_logo_2208654332_a21db42a2cd32427f04bccff1ec399c62e51a5ba.jpg,오카자키 미츠아키,외국업체,주식회사 한국요코오,"YOKOWO KOREA CO.,LTD",www.yokowo.co.jp,(본사) 02-715-4504,02-717-4517,
2311,주식회사 후지타서울지점,https://www.ksia.or.kr:443/ajax/ajax_member_c_info.php?idx=2311,https://www.ksia.or.kr:443/data/directory/2024/xAt5Q4FJ_logo_1068430928_abf910f209a2f14c86b9cc087f13e30c652177f1.jpg,남종국,외국업체,주식회사 후지타서울지점,FUJITA CORPORATION SEOUL BRANCH,https://www.fujita.co.kr/,(본사) 02-756-7173,02-756-7745,
2322,지멘스 EDA,https://www.ksia.or.kr:443/ajax/ajax_member_c_info.php?idx=2322,https://www.ksia.or.kr:443/data/directory,김준환,외국업체,지멘스 EDA,Siemens EDA,www.siemens.com/eda,(본사) 031-8061-0790,031-8061-0789,
2713,케이던스디자인시스템즈,https://www.ksia.or.kr:443/ajax/ajax_member_c_info.php?idx=2713,https://www.ksia.or.kr:443/data/directory/2026/hKFECmgj_logo_1168148235_72c78b97c7b65f74431d4bbb5fb35ad96243d679.jpg,아놀드포스터젠슨,외국업체,케이던스디자인시스템즈,Cadence Design Systems,www.cadence.com,(본사) 408.943.1234,408.428.5001,
2318,케이엘에이텐코코리아㈜,https://www.ksia.or.kr:443/ajax/ajax_member_c_info.php?idx=2318,https://www.ksia.or.kr:443/data/directory,김양형,외국업체,케이엘에이텐코코리아㈜,KLA,www.kla-tencor.com,(본사) 031-728-9200,031-630-2299,
2467,타이코에이엠피 주식회사,https://www.ksia.or.kr:443/ajax/ajax_member_c_info.php?idx=2467,https://www.ksia.or.kr:443/data/directory,곽우진,외국업체,타이코에이엠피 주식회사,TE Connectivity,https://www.te.com/usa-en/home.html,(본사) 053-850-0001                    (공장) 053-850-0001                    (연구소) 02-3415-4549,053-850-0001,
2451,하팅코리아 주식회사,https://www.ksia.or.kr:443/ajax/ajax_member_c_info.php?idx=2451,https://www.ksia.or.kr:443/data/directory,김흥태,외국업체,하팅코리아 주식회사,"HARTING KOREA Co., LTD",harting.com/KR/ko,(본사) 82-31-750-0380,82-31-750-0397,
2450,한국마이크로소프트 (유),https://www.ksia.or.kr:443/ajax/ajax_member_c_info.php?idx=2450,https://www.ksia.or.kr:443/data/directory,이지은,외국업체,한국마이크로소프트 (유),Microsoft  Korea Inc.,www.microsoft.com/ko-kr,(본사) 080-500-0230,02-531-4800,
2132,한국훅스윤활유,https://www.ksia.or.kr:443/ajax/ajax_member_c_info.php?idx=2132,https://www.ksia.or.kr:443/data/directory/2024/R73CHwGZ_logo_6108515194_8c32152d2213cccf91f49155f06ee5d128f818fc.png,최상린,외국업체,한국훅스윤활유,FUCHS LUBRICANTS (KOREA) LTD.,https://www.fuchs.com/kr/ko/,(본사) 02-2672-5834                    (공장) 052-260-9504                    (연구소) 052-260-9504,02-2672-5985,
2219,호리바에스텍코리아,https://www.ksia.or.kr:443/ajax/ajax_member_c_info.php?idx=2219,https://www.ksia.or.kr:443/data/directory/2024/RLpHVlmP_logo_1298115730_13f6d4f0099dfb03629e8ef695b61f438aa9f99a.jpg,TAMURA TERUHIRO,외국업체,호리바에스텍코리아,"HORIBA STEC KOREA,Ltd.",https://www.horiba.com/kr/horiba-stec/home/,(본사) +81-75-693-2312                    (공장) 82-31-8025-6500                    (연구소) 82-31-8025-6500,+81-75-693-2331,
2395,히타치하이테크코리아㈜,https://www.ksia.or.kr:443/ajax/ajax_member_c_info.php?idx=2395,https://www.ksia.or.kr:443/data/directory,KATO HITOSHI,외국업체,히타치하이테크코리아㈜,"Hitachi High-Technologies Korea Co., Ltd.",http://www.hitachi-hitec-kr.com/kr//index.htm,(본사) 82-2-508-4437,82-2-556-4963,
2563,(주)랩투마켓,https://www.ksia.or.kr:443/ajax/ajax_member_c_info.php?idx=2563,https://www.ksia.or.kr:443/data/directory/2025/L6gIE3VS_logo_3978800033_1661cfe456147036842f687b12f419fcc99f0a34.png,장윤석,설비업체,(주)랩투마켓,"lab to market, Inc",www.lab2m.com,(본사) 02-2054-6746                    (공장) 02-2054-6746                    (연구소) 02-2054-6746,00-0000-0000,
2529,(주)일신환경,https://www.ksia.or.kr:443/ajax/ajax_member_c_info.php?idx=2529,https://www.ksia.or.kr:443/data/directory/2025/56LkzeaB_logo_8948802570_eb7ddf4309cb3abb9c1850a9531d0a19d798683b.png,지양훈,설비업체,(주)일신환경,ILSHIN,www.okilshin.com,(본사) 031-8039-7747                          (연구소) 031-8039-7747,031-8039-7757,
2681,(주)지앤지인텍,https://www.ksia.or.kr:443/ajax/ajax_member_c_info.php?idx=2681,https://www.ksia.or.kr:443/data/directory/2025/BVkRgFxQ_logo_135-81-43129_69b39fb6744909e72776d1155bd153ca6bb9c6b1.jpg,이가윤,설비업체,(주)지앤지인텍,"GnG InTech CO., LTD.",https://ourgng.co.kr/,(본사) 031-627-2381                    (공장) 031-627-2387                    (연구소) 031-627-2387,031-627-2380,
2628,(주)진성이엔지,https://www.ksia.or.kr:443/ajax/ajax_member_c_info.php?idx=2628,https://www.ksia.or.kr:443/data/directory,장준재,설비업체,(주)진성이엔지,JINSUNG ENG,jinsungeng.kr,(본사) 031-372-7553,031-613-7976,
2670,(주)한국이엔씨,https://www.ksia.or.kr:443/ajax/ajax_member_c_info.php?idx=2670,https://www.ksia.or.kr:443/data/directory/2025/5mlEKBtI_logo_4188118317_58717116a739e3eb9f65e89f58cbc857d43c854f.png,강석대,설비업체,(주)한국이엔씨,"KOREA ENGINEERING ＆ CLEAN TECHNOLOGY CO.,LTD.",http://www.k-ec.com/,(본사) 02-579-5161/5165,02-579-5162,
2320,㈜미래로시스템,https://www.ksia.or.kr:443/ajax/ajax_member_c_info.php?idx=2320,https://www.ksia.or.kr:443/data/directory/2024/BZEJvgVs_logo_2298109538_552827450d7ab3bd49efb660742b78348a05126f.ai,두영수,설비업체,㈜미래로시스템,mirero Inc.,http://www.mirero.co.kr/,(본사) 82-31-215-2905,82-31-216-2905,
2185,㈜성도이엔지,https://www.ksia.or.kr:443/ajax/ajax_member_c_info.php?idx=2185,https://www.ksia.or.kr:443/data/directory/2024/3IPR9bdp_logo_2208110950_f105aab524ff2c52c51d817299891006171fc96c.jpg,이언웅,설비업체,㈜성도이엔지,"SUNGDO ENGINEERING & CONSTRUCTION CO., LTD",www.sungdokorea.com,(본사) 82-2-6244-5200                    (공장) 82-31-671-2142                    (연구소) 82-2-6244-5200,82-2-6244-5399,
2586,㈜신성이엔지,https://www.ksia.or.kr:443/ajax/ajax_member_c_info.php?idx=2586,https://www.ksia.or.kr:443/data/directory/2025/Sj16pmlc_logo_1348103352_ece102f8a4371393de1d4c2831c146e2a0af111d.jpg,이지선,설비업체,㈜신성이엔지,"Shinsung E&G Co.,Ltd",www.shinsungeng.com,(본사) 82-02-6312-1000                    (공장) 82-31-260-1300                    (연구소) 82-02-6312-1000,82-02-6312-1014,
2437,㈜힘스,https://www.ksia.or.kr:443/ajax/ajax_member_c_info.php?idx=2437,https://www.ksia.or.kr:443/data/directory,김주환,설비업체,㈜힘스,"HIMS CO., LTD.",http://www.hims.co.kr,(본사) 032-821-2511                    (공장) 032-821-2511                    (연구소) 032-821-2511,032-819-1660,
2183,주식회사 형원이엔지,https://www.ksia.or.kr:443/ajax/ajax_member_c_info.php?idx=2183,https://www.ksia.or.kr:443/data/directory/2024/JNqEbteF_logo_1238624124_2131d1cfbe3b37a52a1e004acc463ad02bbbc45d.ai,김정환,설비업체,주식회사 형원이엔지,"HYOUNGWON ENG CO.,LTD",www.hyoungwon-eng.co.kr,(본사) 0319340455,0319340488,
2757,중원엔지니어링(주),https://www.ksia.or.kr:443/ajax/ajax_member_c_info.php?idx=2757,https://www.ksia.or.kr:443/data/directory/2026/s7oGDKcm_logo_2078148924_6b3beb6e51e7652025fe06be03f8fa863c59ed18.JPG,박정필,설비업체,중원엔지니어링(주),JOONGWON E&C,http://joongwonengineering.com,(본사) 02-3436-0600                    (공장) 02-3436-0600,02-3437-6639,
2815,한양이엔지㈜,https://www.ksia.or.kr:443/ajax/ajax_member_c_info.php?idx=2815,https://www.ksia.or.kr:443/data/directory,김윤상,설비업체,한양이엔지㈜,"Hanyang ENG Co.,Ltd",www.hanyangeng.co.kr,(본사) 82-31-695-0000,82-31-204-0394,
2321,㈜아이마켓코리아,https://www.ksia.or.kr:443/ajax/ajax_member_c_info.php?idx=2321,https://www.ksia.or.kr:443/data/directory,남인봉,상사,㈜아이마켓코리아,iMarketKoera Inc,www.imarketkorea.com,(본사) 82-2-3708-5678 (대표번호)                          (연구소) 031-8012-0810,-,
2800,㈜우원테크놀러지,https://www.ksia.or.kr:443/ajax/ajax_member_c_info.php?idx=2800,https://www.ksia.or.kr:443/data/directory/2026/IjLkdqrH_logo_2148195046_f69e680c6c841610c5ac3a0da990ca4cd754c8f3.pdf,오환원,상사,㈜우원테크놀러지,"Woowon Technology Co., Ltd",www.wwtech.co.kr,(본사) 031-783-4770,031-783-4773,
2433,주식회사 한국에이티아이,https://www.ksia.or.kr:443/ajax/ajax_member_c_info.php?idx=2433,https://www.ksia.or.kr:443/data/directory,홍기우,상사,주식회사 한국에이티아이,"ATI Korea Co., Ltd",http://www.atikorea.com,(본사) 82-2-6220-6300,82-2-6220-6305,
2309,한국전자통신연구원,https://www.ksia.or.kr:443/ajax/ajax_member_c_info.php?idx=2309,https://www.ksia.or.kr:443/data/directory/2024/BSo5FDGj_logo_3148204099_724ffe121c1b117b41ba8759fe4868767077f289.jpg,방승찬,연구기관,한국전자통신연구원,ETRI,http://www.etri.re.kr,(본사) 042-860-6114                          (연구소) 042-860-6114,042-860-6860,
2839,삼일회계법인,https://www.ksia.or.kr:443/ajax/ajax_member_c_info.php?idx=2839,https://www.ksia.or.kr:443/data/directory/2026/i0quB8xT_logo_106-81-19621_46745ab953b933ed57eadd9681a399f3a22b012e.png,윤훈수,특별회원,삼일회계법인,Samil PricewaterhouseCoopers,https://www.pwc.com/kr/ko.html,(본사) 02-3781-3131,02-3782-1299,
